model_kmer,model_mean,model_stdv,model_mean_un,model_stdv_un,pattern,diff
AAAAA,108.9,2.16,116.85,3,2,7.95
AAAAC,107.75,2.68,119.91,3,3,12.16
AAAAG,101.72,2.68,101.72,2.68,0,0
AAAAT,112.77,2.68,123.53,2,2,10.76
AAACA,99.38,1.78,106.19,2.89,2,6.81
AAACC,100,3.45,100,3.45,1,0
AAACG,101.01,3.45,101.01,3.45,0,0
AAACT,106.91,3.45,106.91,3.45,1,0
AAAGA,110.54,4.06,110.54,4.06,0,0
AAAGC,107.69,4.06,107.69,4.06,0,0
AAAGG,108.29,4.06,108.29,4.06,0,0
AAAGT,108.73,4.06,108.73,4.06,0,0
AAATA,114.11,3,120.38,3,2,6.27
AAATC,112.2,3.11,112.2,3.11,1,0
AAATG,110.67,3.11,110.67,3.11,0,0
AAATT,115.98,3.11,115.98,3.11,1,0
AACAA,87.82,3.18,87.82,3.18,0,0
AACAC,89.76,3.18,89.76,3.18,0,0
AACAG,86.54,3.18,86.54,3.18,0,0
AACAT,87.88,3.18,87.88,3.18,0,0
AACCA,82.92,2.81,82.92,2.81,0,0
AACCC,84.52,2.81,84.52,2.81,0,0
AACCG,84.37,2.81,84.37,2.81,0,0
AACCT,84.27,2.81,84.27,2.81,0,0
AACGA,79.83,3.18,79.83,3.18,0,0
AACGC,80.65,3.18,80.65,3.18,0,0
AACGG,83.67,3.18,83.67,3.18,0,0
AACGT,80.07,3.18,80.07,3.18,0,0
AACTA,92.91,2.73,92.91,2.73,0,0
AACTC,92.39,2.73,92.39,2.73,0,0
AACTG,92.99,2.73,92.99,2.73,0,0
AACTT,92.87,2.73,92.87,2.73,0,0
AAGAA,122.14,5.87,122.14,5.87,0,0
AAGAC,121.03,5.87,121.03,5.87,0,0
AAGAG,122.1,5.87,122.1,5.87,0,0
AAGAT,124.17,5.87,124.17,5.87,0,0
AAGCA,107.34,3.02,107.34,3.02,0,0
AAGCC,102.84,3.02,102.84,3.02,0,0
AAGCG,109.95,3.02,109.95,3.02,0,0
AAGCT,110.98,3.02,110.98,3.02,0,0
AAGGA,114.01,7.84,114.01,7.84,0,0
AAGGC,115.2,7.84,115.2,7.84,0,0
AAGGG,113.12,7.84,113.12,7.84,0,0
AAGGT,115.61,7.84,115.61,7.84,0,0
AAGTA,119.31,4.03,119.31,4.03,0,0
AAGTC,114.94,4.03,114.94,4.03,0,0
AAGTG,117.29,4.03,117.29,4.03,0,0
AAGTT,119.41,4.03,119.41,4.03,0,0
AATAA,97.17,6.28,97.17,6.28,0,0
AATAC,102.58,6.28,102.58,6.28,0,0
AATAG,99.74,6.28,99.74,6.28,0,0
AATAT,99.12,6.28,99.12,6.28,0,0
AATCA,100.24,5.7,100.24,5.7,0,0
AATCC,103.25,5.7,103.25,5.7,0,0
AATCG,101.47,5.7,101.47,5.7,0,0
AATCT,101.61,5.7,101.61,5.7,0,0
AATGA,85.26,3.87,85.26,3.87,0,0
AATGC,81.8,3.87,81.8,3.87,0,0
AATGG,89.31,3.87,89.31,3.87,0,0
AATGT,82.19,3.87,82.19,3.87,0,0
AATTA,101.02,5.53,101.02,5.53,0,0
AATTC,101.9,5.53,101.9,5.53,0,0
AATTG,100.78,5.53,100.78,5.53,0,0
AATTT,100.95,5.53,100.95,5.53,0,0
ACAAA,82.45,3.02,82.45,3.02,1,0
ACAAC,80.96,3.02,80.96,3.02,1,0
ACAAG,78.46,3.02,78.46,3.02,0,0
ACAAT,84.13,3.02,84.13,3.02,1,0
ACACA,73.59,1.88,73.59,1.88,1,0
ACACC,72.16,1.88,72.16,1.88,1,0
ACACG,74.89,1.88,74.89,1.88,0,0
ACACT,77.76,1.88,77.76,1.88,1,0
ACAGA,96.56,5.09,96.56,5.09,0,0
ACAGC,87.79,5.09,87.79,5.09,0,0
ACAGG,84.2,5.09,84.2,5.09,0,0
ACAGT,91.62,5.09,91.62,5.09,0,0
ACATA,80.76,2.13,93.16,3,3,12.4
ACATC,78.74,2.13,78.74,2.13,1,0
ACATG,79.18,2.13,79.18,2.13,0,0
ACATT,84.22,2.13,84.22,2.13,1,0
ACCAA,74.58,2.11,74.58,2.11,0,0
ACCAC,73.95,2.11,73.95,2.11,0,0
ACCAG,72.33,2.11,72.33,2.11,0,0
ACCAT,74.74,2.11,74.74,2.11,0,0
ACCCA,66.3,2.07,66.3,2.07,0,0
ACCCC,66.66,2.07,66.66,2.07,0,0
ACCCG,67.21,2.07,67.21,2.07,0,0
ACCCT,68.1,2.07,68.1,2.07,0,0
ACCGA,82.82,2.78,82.82,2.78,0,0
ACCGC,77.16,2.78,77.16,2.78,0,0
ACCGG,76.54,2.78,76.54,2.78,0,0
ACCGT,77.73,2.78,77.73,2.78,0,0
ACCTA,69.02,2.35,69.02,2.35,0,0
ACCTC,69.47,2.35,69.47,2.35,0,0
ACCTG,70.75,2.35,70.75,2.35,0,0
ACCTT,72.21,2.35,72.21,2.35,0,0
ACGAA,85.74,3.99,85.74,3.99,0,0
ACGAC,85.84,3.99,85.84,3.99,0,0
ACGAG,84.3,3.99,84.3,3.99,0,0
ACGAT,87.51,3.99,87.51,3.99,0,0
ACGCA,76.33,2.6,76.33,2.6,0,0
ACGCC,74.77,2.6,74.77,2.6,0,0
ACGCG,77.12,2.6,77.12,2.6,0,0
ACGCT,79.97,2.6,79.97,2.6,0,0
ACGGA,96.56,4.98,96.56,4.98,0,0
ACGGC,85.58,4.98,85.58,4.98,0,0
ACGGG,83.39,4.98,83.39,4.98,0,0
ACGGT,89.18,4.98,89.18,4.98,0,0
ACGTA,101.5,3.05,101.5,3.05,0,0
ACGTC,78.18,3.05,78.18,3.05,0,0
ACGTG,78.19,3.05,78.19,3.05,0,0
ACGTT,82.52,3.05,82.52,3.05,0,0
ACTAA,86.71,2.63,86.71,2.63,0,0
ACTAC,86.58,2.63,86.58,2.63,0,0
ACTAG,86.1,2.63,86.1,2.63,0,0
ACTAT,86.6,2.63,86.6,2.63,0,0
ACTCA,81.85,2.85,81.85,2.85,0,0
ACTCC,80.74,2.85,80.74,2.85,0,0
ACTCG,80.88,2.85,80.88,2.85,0,0
ACTCT,83.72,2.85,83.72,2.85,0,0
ACTGA,93.41,2.85,93.41,2.85,0,0
ACTGC,86.11,2.85,86.11,2.85,0,0
ACTGG,87.12,2.85,87.12,2.85,0,0
ACTGT,87.17,2.85,87.17,2.85,0,0
ACTTA,77.86,2.42,77.86,2.42,0,0
ACTTC,80.34,2.42,80.34,2.42,0,0
ACTTG,80.1,2.42,80.1,2.42,0,0
ACTTT,82.38,2.42,82.38,2.42,0,0
AGAAA,128.13,5.56,128.13,5.56,0,0
AGAAC,128.77,5.56,128.77,5.56,0,0
AGAAG,123.66,5.56,123.66,5.56,0,0
AGAAT,129.86,5.56,129.86,5.56,0,0
AGACA,125.56,4.79,125.56,4.79,0,0
AGACC,125.6,4.79,125.6,4.79,0,0
AGACG,127.32,4.79,127.32,4.79,0,0
AGACT,129.81,4.79,129.81,4.79,0,0
AGAGA,127.71,5.69,127.71,5.69,0,0
AGAGC,128.62,5.69,128.62,5.69,0,0
AGAGG,123.33,5.69,123.33,5.69,0,0
AGAGT,128.25,5.69,128.25,5.69,0,0
AGATA,134.1,5.1,134.1,5.1,0,0
AGATC,134.08,5.1,134.08,5.1,0,0
AGATG,133.6,5.1,133.6,5.1,0,0
AGATT,136.89,5.1,136.89,5.1,0,0
AGCAA,115.2,3.86,115.2,3.86,0,0
AGCAC,117.19,3.86,117.19,3.86,0,0
AGCAG,112.17,3.86,112.17,3.86,0,0
AGCAT,114.89,3.86,114.89,3.86,0,0
AGCCA,109.32,3.29,109.32,3.29,0,0
AGCCC,111.18,3.29,111.18,3.29,0,0
AGCCG,109.95,3.29,109.95,3.29,0,0
AGCCT,111.21,3.29,111.21,3.29,0,0
AGCGA,105.69,8.39,105.69,8.39,0,0
AGCGC,110.34,8.39,110.34,8.39,0,0
AGCGG,106.83,8.39,106.83,8.39,0,0
AGCGT,107.96,8.39,107.96,8.39,0,0
AGCTA,117.18,3.55,117.18,3.55,0,0
AGCTC,118.06,3.55,118.06,3.55,0,0
AGCTG,117.44,3.55,117.44,3.55,0,0
AGCTT,118.19,3.55,118.19,3.55,0,0
AGGAA,117.46,3.17,117.46,3.17,0,0
AGGAC,115.92,3.17,115.92,3.17,0,0
AGGAG,116.69,3.17,116.69,3.17,0,0
AGGAT,120.37,3.17,120.37,3.17,0,0
AGGCA,109.74,5.31,109.74,5.31,0,0
AGGCC,109.16,5.31,109.16,5.31,0,0
AGGCG,112.24,5.31,112.24,5.31,0,0
AGGCT,120.31,5.31,120.31,5.31,0,0
AGGGA,115.88,4.05,115.88,4.05,0,0
AGGGC,116.4,4.05,116.4,4.05,0,0
AGGGG,113.61,4.05,113.61,4.05,0,0
AGGGT,117.28,4.05,117.28,4.05,0,0
AGGTA,119.51,3.37,119.51,3.37,0,0
AGGTC,116.55,3.37,116.55,3.37,0,0
AGGTG,117.25,3.37,117.25,3.37,0,0
AGGTT,121.11,3.37,121.11,3.37,0,0
AGTAA,123.3,8.56,123.3,8.56,0,0
AGTAC,128.3,8.56,128.3,8.56,0,0
AGTAG,122.89,8.56,122.89,8.56,0,0
AGTAT,124.93,8.56,124.93,8.56,0,0
AGTCA,122.59,6.07,122.59,6.07,0,0
AGTCC,125.2,6.07,125.2,6.07,0,0
AGTCG,122.92,6.07,122.92,6.07,0,0
AGTCT,125.26,6.07,125.26,6.07,0,0
AGTGA,100.01,9.69,100.01,9.69,0,0
AGTGC,110.68,9.69,110.68,9.69,0,0
AGTGG,111.73,9.69,111.73,9.69,0,0
AGTGT,105.15,9.69,105.15,9.69,0,0
AGTTA,118.77,7.49,118.77,7.49,0,0
AGTTC,123.87,7.49,123.87,7.49,0,0
AGTTG,121.11,7.49,121.11,7.49,0,0
AGTTT,124.34,7.49,124.34,7.49,0,0
ATAAA,86.59,3.04,94.44,3,3,7.85
ATAAC,85.4,3.04,92.66,3,3,7.26
ATAAG,82.49,3.04,82.49,3.04,0,0
ATAAT,89.36,3.04,98.45,3,3,9.09
ATACA,76.78,2.1,86.21,2.91,3,9.43
ATACC,74.69,2.1,81.67,3,3,6.98
ATACG,77.77,2.1,77.77,2.1,0,0
ATACT,81.8,2.1,81.8,2.1,1,0
ATAGA,103.91,3.78,103.91,3.78,0,0
ATAGC,91.22,3.78,91.22,3.78,0,0
ATAGG,85.79,3.78,85.79,3.78,0,0
ATAGT,93.79,3.78,93.79,3.78,0,0
ATATA,86.67,2.63,86.67,2.63,1,0
ATATC,83.15,2.63,83.15,2.63,1,0
ATATG,83.95,2.63,83.95,2.63,0,0
ATATT,90.49,2.21,96.13,1.94,2,5.64
ATCAA,78.88,2.3,78.88,2.3,0,0
ATCAC,78.57,2.3,78.57,2.3,0,0
ATCAG,76.74,2.3,76.74,2.3,0,0
ATCAT,79.2,2.3,79.2,2.3,0,0
ATCCA,70.23,2.3,70.23,2.3,0,0
ATCCC,70.32,2.3,70.32,2.3,0,0
ATCCG,71.19,2.3,71.19,2.3,0,0
ATCCT,73.54,2.3,73.54,2.3,0,0
ATCGA,84.43,2.3,84.43,2.3,0,0
ATCGC,79.59,2.3,79.59,2.3,0,0
ATCGG,79.89,2.3,79.89,2.3,0,0
ATCGT,80.62,2.3,80.62,2.3,0,0
ATCTA,76.67,2.07,76.67,2.07,0,0
ATCTC,76.56,2.07,76.56,2.07,0,0
ATCTG,77.11,2.07,77.11,2.07,0,0
ATCTT,78.87,2.07,78.87,2.07,0,0
ATGAA,94.58,4.49,94.58,4.49,0,0
ATGAC,94.31,4.49,94.31,4.49,0,0
ATGAG,93.1,4.49,93.1,4.49,0,0
ATGAT,97.78,4.49,97.78,4.49,0,0
ATGCA,84.45,3.13,84.45,3.13,0,0
ATGCC,79.66,3.13,79.66,3.13,0,0
ATGCG,83.14,3.13,83.14,3.13,0,0
ATGCT,86.67,3.13,86.67,3.13,0,0
ATGGA,100.76,3.99,100.76,3.99,0,0
ATGGC,94.08,3.99,94.08,3.99,0,0
ATGGG,92.94,3.99,92.94,3.99,0,0
ATGGT,96.35,3.99,96.35,3.99,0,0
ATGTA,88.61,3.78,88.61,3.78,0,0
ATGTC,85.93,3.78,85.93,3.78,0,0
ATGTG,87.08,3.78,87.08,3.78,0,0
ATGTT,89.59,3.78,89.59,3.78,0,0
ATTAA,85.3,2.46,85.3,2.46,0,0
ATTAC,85.21,2.46,85.21,2.46,0,0
ATTAG,84.56,2.46,84.56,2.46,0,0
ATTAT,85.44,2.46,85.44,2.46,0,0
ATTCA,78.44,2.07,78.44,2.07,0,0
ATTCC,78.05,2.07,78.05,2.07,0,0
ATTCG,78.54,2.07,78.54,2.07,0,0
ATTCT,81.64,2.07,81.64,2.07,0,0
ATTGA,90.37,2.65,90.37,2.65,0,0
ATTGC,83.88,2.65,83.88,2.65,0,0
ATTGG,86.04,2.65,86.04,2.65,0,0
ATTGT,85.12,2.65,85.12,2.65,0,0
ATTTA,77.58,1.97,77.58,1.97,0,0
ATTTC,78.37,1.97,78.37,1.97,0,0
ATTTG,79.1,1.97,79.1,1.97,0,0
ATTTT,81.16,1.97,81.16,1.97,0,0
CAAAA,105.72,2.68,105.72,2.68,1,0
CAAAC,104.22,2.68,113.24,3,2,9.02
CAAAG,103,2.68,103,2.68,0,0
CAAAT,110.07,2.68,118.96,3,2,8.89
CAACA,91.38,3.45,105.57,3,3,14.19
CAACC,89.37,3.45,101.52,3,3,12.15
CAACG,91.91,3.45,91.91,3.45,0,0
CAACT,96.11,3.45,106.92,3,3,10.81
CAAGA,110.39,4.06,110.39,4.06,0,0
CAAGC,102.91,4.06,102.91,4.06,0,0
CAAGG,106.17,4.06,106.17,4.06,0,0
CAAGT,105.12,4.06,105.12,4.06,0,0
CAATA,109.26,3,118.46,3,2,9.2
CAATC,106.21,3,113.47,3,2,7.26
CAATG,102.74,3.11,102.74,3.11,0,0
CAATT,108.91,3,113.89,3,2,4.98
CACAA,81.77,3.18,81.77,3.18,0,0
CACAC,81.04,3.18,81.04,3.18,0,0
CACAG,81.43,3.18,81.43,3.18,0,0
CACAT,81.25,3.18,81.25,3.18,0,0
CACCA,75.53,2.81,75.53,2.81,0,0
CACCC,75.11,2.81,75.11,2.81,0,0
CACCG,76.38,2.81,76.38,2.81,0,0
CACCT,75.57,2.81,75.57,2.81,0,0
CACGA,78.73,3.18,78.73,3.18,0,0
CACGC,78.14,3.18,78.14,3.18,0,0
CACGG,79.72,3.18,79.72,3.18,0,0
CACGT,80.28,3.18,80.28,3.18,0,0
CACTA,86.86,2.73,86.86,2.73,0,0
CACTC,85.31,2.73,85.31,2.73,0,0
CACTG,85.74,2.73,85.74,2.73,0,0
CACTT,85.07,2.73,85.07,2.73,0,0
CAGAA,108.6,5.87,108.6,5.87,0,0
CAGAC,107.09,5.87,107.09,5.87,0,0
CAGAG,106.73,5.87,106.73,5.87,0,0
CAGAT,112.38,5.87,112.38,5.87,0,0
CAGCA,108.25,3.02,108.25,3.02,0,0
CAGCC,103.97,3.02,103.97,3.02,0,0
CAGCG,109.19,3.02,109.19,3.02,0,0
CAGCT,112.05,3.02,112.05,3.02,0,0
CAGGA,98.38,7.84,98.38,7.84,0,0
CAGGC,114.13,7.84,114.13,7.84,0,0
CAGGG,89.17,7.84,89.17,7.84,0,0
CAGGT,115.66,7.84,115.66,7.84,0,0
CAGTA,123.5,4.03,123.5,4.03,0,0
CAGTC,118.3,4.03,118.3,4.03,0,0
CAGTG,119.53,4.03,119.53,4.03,0,0
CAGTT,122.77,4.03,122.77,4.03,0,0
CATAA,89.9,6.28,89.9,6.28,0,0
CATAC,90.48,6.28,90.48,6.28,0,0
CATAG,91.26,6.28,91.26,6.28,0,0
CATAT,89.58,6.28,89.58,6.28,0,0
CATCA,87.17,5.7,87.17,5.7,0,0
CATCC,87.39,5.7,87.39,5.7,0,0
CATCG,88.22,5.7,88.22,5.7,0,0
CATCT,88.36,5.7,88.36,5.7,0,0
CATGA,84.29,3.87,84.29,3.87,0,0
CATGC,78.23,3.87,78.23,3.87,0,0
CATGG,85.73,3.87,85.73,3.87,0,0
CATGT,79.73,3.87,79.73,3.87,0,0
CATTA,90.58,5.53,90.58,5.53,0,0
CATTC,89.92,5.53,89.92,5.53,0,0
CATTG,90.61,5.53,90.61,5.53,0,0
CATTT,89.28,5.53,89.28,5.53,0,0
CCAAA,87.19,3.02,98.17,3,3,10.98
CCAAC,85.16,3.02,92.1,3,3,6.94
CCAAG,86.1,3.02,86.1,3.02,0,0
CCAAT,89.46,1.73,98.36,2.44,2,8.9
CCACA,75.6,1.88,86.81,2.56,3,11.21
CCACC,72.58,1.88,84.25,2.84,3,11.67
CCACG,75.29,1.88,75.29,1.88,0,0
CCACT,77.89,1.88,89.28,2.93,3,11.39
CCAGA,76.22,5.09,76.22,5.09,0,0
CCAGC,92.88,5.09,92.88,5.09,0,0
CCAGG,91.8,5.09,91.8,5.09,0,0
CCAGT,96.02,5.09,96.02,5.09,0,0
CCATA,86.44,1.81,93.7,2.7,2,7.26
CCATC,83.88,2.13,90.13,2.95,3,6.25
CCATG,82.78,2.13,82.78,2.13,0,0
CCATT,87.39,2.13,87.39,2.13,1,0
CCCAA,73.43,2.11,73.43,2.11,0,0
CCCAC,70.73,2.11,70.73,2.11,0,0
CCCAG,71.95,2.11,71.95,2.11,0,0
CCCAT,73.36,2.11,73.36,2.11,0,0
CCCCA,62.97,2.07,62.97,2.07,0,0
CCCCC,62.48,2.07,62.48,2.07,0,0
CCCCG,63.75,2.07,63.75,2.07,0,0
CCCCT,64.58,2.07,64.58,2.07,0,0
CCCGA,83.92,2.78,83.92,2.78,0,0
CCCGC,76.79,2.78,76.79,2.78,0,0
CCCGG,78.03,2.78,78.03,2.78,0,0
CCCGT,78.01,2.78,78.01,2.78,0,0
CCCTA,69.67,2.35,69.67,2.35,0,0
CCCTC,68.73,2.35,68.73,2.35,0,0
CCCTG,71.64,2.35,71.64,2.35,0,0
CCCTT,70.58,2.35,70.58,2.35,0,0
CCGAA,97.55,3.99,97.55,3.99,0,0
CCGAC,96.66,3.99,96.66,3.99,0,0
CCGAG,95.86,3.99,95.86,3.99,0,0
CCGAT,100.63,3.99,100.63,3.99,0,0
CCGCA,87.11,2.6,87.11,2.6,0,0
CCGCC,84.08,2.6,84.08,2.6,0,0
CCGCG,87.09,2.6,87.09,2.6,0,0
CCGCT,89.39,2.6,89.39,2.6,0,0
CCGGA,106.16,4.98,106.16,4.98,0,0
CCGGC,95.13,4.98,95.13,4.98,0,0
CCGGG,92.99,4.98,92.99,4.98,0,0
CCGGT,98.1,4.98,98.1,4.98,0,0
CCGTA,92.47,3.05,92.47,3.05,0,0
CCGTC,89.27,3.05,89.27,3.05,0,0
CCGTG,90.05,3.05,90.05,3.05,0,0
CCGTT,92.47,3.05,92.47,3.05,0,0
CCTAA,82.46,2.63,82.46,2.63,0,0
CCTAC,79.05,2.63,79.05,2.63,0,0
CCTAG,83.95,2.63,83.95,2.63,0,0
CCTAT,82.63,2.63,82.63,2.63,0,0
CCTCA,74.24,2.85,74.24,2.85,0,0
CCTCC,72.35,2.85,72.35,2.85,0,0
CCTCG,75.01,2.85,75.01,2.85,0,0
CCTCT,75.31,2.85,75.31,2.85,0,0
CCTGA,94.04,2.85,94.04,2.85,0,0
CCTGC,84.2,2.85,84.2,2.85,0,0
CCTGG,88.24,2.85,88.24,2.85,0,0
CCTGT,86.87,2.85,86.87,2.85,0,0
CCTTA,75.8,2.42,75.8,2.42,0,0
CCTTC,75.32,2.42,75.32,2.42,0,0
CCTTG,77.66,2.42,77.66,2.42,0,0
CCTTT,76.37,2.42,76.37,2.42,0,0
CGAAA,112.59,5.56,112.59,5.56,0,0
CGAAC,111.47,5.56,111.47,5.56,0,0
CGAAG,109.77,5.56,109.77,5.56,0,0
CGAAT,115.65,5.56,115.65,5.56,0,0
CGACA,109.27,4.79,109.27,4.79,0,0
CGACC,110.09,4.79,110.09,4.79,0,0
CGACG,110.92,4.79,110.92,4.79,0,0
CGACT,113.97,4.79,113.97,4.79,0,0
CGAGA,116.16,5.69,116.16,5.69,0,0
CGAGC,110.68,5.69,110.68,5.69,0,0
CGAGG,111.04,5.69,111.04,5.69,0,0
CGAGT,112.74,5.69,112.74,5.69,0,0
CGATA,117.34,5.1,117.34,5.1,0,0
CGATC,117.72,5.1,117.72,5.1,0,0
CGATG,114.13,5.1,114.13,5.1,0,0
CGATT,120.28,5.1,120.28,5.1,0,0
CGCAA,99.45,3.86,99.45,3.86,0,0
CGCAC,101.88,3.86,101.88,3.86,0,0
CGCAG,97.16,3.86,97.16,3.86,0,0
CGCAT,99.57,3.86,99.57,3.86,0,0
CGCCA,94.99,3.29,94.99,3.29,0,0
CGCCC,96.31,3.29,96.31,3.29,0,0
CGCCG,95.61,3.29,95.61,3.29,0,0
CGCCT,96.76,3.29,96.76,3.29,0,0
CGCGA,90.74,8.39,90.74,8.39,0,0
CGCGC,90.61,8.39,90.61,8.39,0,0
CGCGG,92.98,8.39,92.98,8.39,0,0
CGCGT,90.72,8.39,90.72,8.39,0,0
CGCTA,102.06,3.55,102.06,3.55,0,0
CGCTC,102.45,3.55,102.45,3.55,0,0
CGCTG,101.74,3.55,101.74,3.55,0,0
CGCTT,102.11,3.55,102.11,3.55,0,0
CGGAA,123.97,3.17,123.97,3.17,0,0
CGGAC,120.9,3.17,120.9,3.17,0,0
CGGAG,122.92,3.17,122.92,3.17,0,0
CGGAT,128.82,3.17,128.82,3.17,0,0
CGGCA,106.6,5.31,106.6,5.31,0,0
CGGCC,103.67,5.31,103.67,5.31,0,0
CGGCG,107.83,5.31,107.83,5.31,0,0
CGGCT,110.54,5.31,110.54,5.31,0,0
CGGGA,115.56,4.05,115.56,4.05,0,0
CGGGC,113.74,4.05,113.74,4.05,0,0
CGGGG,112.66,4.05,112.66,4.05,0,0
CGGGT,113.91,4.05,113.91,4.05,0,0
CGGTA,121.85,3.37,121.85,3.37,0,0
CGGTC,117.18,3.37,117.18,3.37,0,0
CGGTG,117.99,3.37,117.99,3.37,0,0
CGGTT,120.77,3.37,120.77,3.37,0,0
CGTAA,98.86,8.56,98.86,8.56,0,0
CGTAC,102.95,8.56,102.95,8.56,0,0
CGTAG,98.64,8.56,98.64,8.56,0,0
CGTAT,101.57,8.56,101.57,8.56,0,0
CGTCA,99.9,6.07,99.9,6.07,0,0
CGTCC,102.21,6.07,102.21,6.07,0,0
CGTCG,100.2,6.07,100.2,6.07,0,0
CGTCT,102.03,6.07,102.03,6.07,0,0
CGTGA,93.87,9.69,93.87,9.69,0,0
CGTGC,89.89,9.69,89.89,9.69,0,0
CGTGG,94.81,9.69,94.81,9.69,0,0
CGTGT,91.66,9.69,91.66,9.69,0,0
CGTTA,98.21,7.49,98.21,7.49,0,0
CGTTC,100.91,7.49,100.91,7.49,0,0
CGTTG,97.81,7.49,97.81,7.49,0,0
CGTTT,99.9,7.49,99.9,7.49,0,0
CTAAA,94,3.04,108.46,3,3,14.46
CTAAC,91.5,3.04,104.07,3,3,12.57
CTAAG,91.48,3.04,91.48,3.04,0,0
CTAAT,96.7,3.04,109.41,3,3,12.71
CTACA,80.29,2.1,94.36,3,3,14.07
CTACC,76.5,2.1,89.03,3,3,12.53
CTACG,80.58,2.1,80.58,2.1,0,0
CTACT,83.47,2.1,96.16,2.99,3,12.69
CTAGA,107.08,3.78,107.08,3.78,0,0
CTAGC,97.3,3.78,97.3,3.78,0,0
CTAGG,96.48,3.78,96.48,3.78,0,0
CTAGT,99.59,3.78,99.59,3.78,0,0
CTATA,94.69,2.63,102.75,3,2,8.06
CTATC,91.53,2.63,91.53,2.63,1,0
CTATG,90.28,2.63,90.28,2.63,0,0
CTATT,95.55,2.63,95.55,2.63,1,0
CTCAA,79.13,2.3,79.13,2.3,0,0
CTCAC,76.73,2.3,76.73,2.3,0,0
CTCAG,77.48,2.3,77.48,2.3,0,0
CTCAT,79.74,2.3,79.74,2.3,0,0
CTCCA,69.76,2.3,69.76,2.3,0,0
CTCCC,67.63,2.3,67.63,2.3,0,0
CTCCG,70.39,2.3,70.39,2.3,0,0
CTCCT,71.32,2.3,71.32,2.3,0,0
CTCGA,86.23,2.3,86.23,2.3,0,0
CTCGC,79.79,2.3,79.79,2.3,0,0
CTCGG,82.39,2.3,82.39,2.3,0,0
CTCGT,81.94,2.3,81.94,2.3,0,0
CTCTA,79.85,2.07,79.85,2.07,0,0
CTCTC,77.34,2.07,77.34,2.07,0,0
CTCTG,79,2.07,79,2.07,0,0
CTCTT,79.01,2.07,79.01,2.07,0,0
CTGAA,107.93,4.49,107.93,4.49,0,0
CTGAC,107.16,4.49,107.16,4.49,0,0
CTGAG,106.04,4.49,106.04,4.49,0,0
CTGAT,111.64,4.49,111.64,4.49,0,0
CTGCA,94.88,3.13,94.88,3.13,0,0
CTGCC,90.93,3.13,90.93,3.13,0,0
CTGCG,94.04,3.13,94.04,3.13,0,0
CTGCT,96.87,3.13,96.87,3.13,0,0
CTGGA,108.35,3.99,108.35,3.99,0,0
CTGGC,102.61,3.99,102.61,3.99,0,0
CTGGG,101.64,3.99,101.64,3.99,0,0
CTGGT,105.22,3.99,105.22,3.99,0,0
CTGTA,102.06,3.78,102.06,3.78,0,0
CTGTC,98.48,3.78,98.48,3.78,0,0
CTGTG,99.73,3.78,99.73,3.78,0,0
CTGTT,102.18,3.78,102.18,3.78,0,0
CTTAA,84.32,2.46,84.32,2.46,0,0
CTTAC,81.76,2.46,81.76,2.46,0,0
CTTAG,85.06,2.46,85.06,2.46,0,0
CTTAT,84.65,2.46,84.65,2.46,0,0
CTTCA,77.66,2.07,77.66,2.07,0,0
CTTCC,74.22,2.07,74.22,2.07,0,0
CTTCG,78.03,2.07,78.03,2.07,0,0
CTTCT,78.04,2.07,78.04,2.07,0,0
CTTGA,91.8,2.65,91.8,2.65,0,0
CTTGC,84.55,2.65,84.55,2.65,0,0
CTTGG,88.3,2.65,88.3,2.65,0,0
CTTGT,86.77,2.65,86.77,2.65,0,0
CTTTA,79.44,1.97,79.44,1.97,0,0
CTTTC,77.72,1.97,77.72,1.97,0,0
CTTTG,80.36,1.97,80.36,1.97,0,0
CTTTT,79.71,1.97,79.71,1.97,0,0
GAAAA,106.42,2.68,106.42,2.68,0,0
GAAAC,105.92,2.68,105.92,2.68,0,0
GAAAG,103.81,2.68,103.81,2.68,0,0
GAAAT,111.12,2.68,111.12,2.68,0,0
GAACA,95.52,3.45,95.52,3.45,0,0
GAACC,94.7,3.45,94.7,3.45,0,0
GAACG,96.74,3.45,96.74,3.45,0,0
GAACT,100.79,3.45,100.79,3.45,0,0
GAAGA,105.36,4.06,105.36,4.06,0,0
GAAGC,100.44,4.06,100.44,4.06,0,0
GAAGG,105.26,4.06,105.26,4.06,0,0
GAAGT,103.99,4.06,103.99,4.06,0,0
GAATA,111.54,3.11,111.54,3.11,0,0
GAATC,109.54,3.11,109.54,3.11,0,0
GAATG,107.51,3.11,107.51,3.11,0,0
GAATT,112.11,3.11,112.11,3.11,0,0
GACAA,80.85,3.18,80.85,3.18,0,0
GACAC,84.44,3.18,84.44,3.18,0,0
GACAG,80.99,3.18,80.99,3.18,0,0
GACAT,82.61,3.18,82.61,3.18,0,0
GACCA,79.02,2.81,79.02,2.81,0,0
GACCC,79.18,2.81,79.18,2.81,0,0
GACCG,79.37,2.81,79.37,2.81,0,0
GACCT,79.9,2.81,79.9,2.81,0,0
GACGA,75.7,3.18,75.7,3.18,0,0
GACGC,73.05,3.18,73.05,3.18,0,0
GACGG,77.57,3.18,77.57,3.18,0,0
GACGT,75.25,3.18,75.25,3.18,0,0
GACTA,90.24,2.73,90.24,2.73,0,0
GACTC,88.67,2.73,88.67,2.73,0,0
GACTG,88.63,2.73,88.63,2.73,0,0
GACTT,89.12,2.73,89.12,2.73,0,0
GAGAA,125.76,5.87,125.76,5.87,0,0
GAGAC,123.32,5.87,123.32,5.87,0,0
GAGAG,124.52,5.87,124.52,5.87,0,0
GAGAT,130.18,5.87,130.18,5.87,0,0
GAGCA,107.01,3.02,107.01,3.02,0,0
GAGCC,103.08,3.02,103.08,3.02,0,0
GAGCG,109.62,3.02,109.62,3.02,0,0
GAGCT,112.01,3.02,112.01,3.02,0,0
GAGGA,112.67,7.84,112.67,7.84,0,0
GAGGC,113.94,7.84,113.94,7.84,0,0
GAGGG,115.25,7.84,115.25,7.84,0,0
GAGGT,112.28,7.84,112.28,7.84,0,0
GAGTA,123.38,4.03,123.38,4.03,0,0
GAGTC,117.52,4.03,117.52,4.03,0,0
GAGTG,120.91,4.03,120.91,4.03,0,0
GAGTT,123.9,4.03,123.9,4.03,0,0
GATAA,88.34,6.28,88.34,6.28,0,0
GATAC,94.91,6.28,94.91,6.28,0,0
GATAG,90.96,6.28,90.96,6.28,0,0
GATAT,88.95,6.28,88.95,6.28,0,0
GATCA,93.45,5.7,93.45,5.7,0,0
GATCC,95.14,5.7,95.14,5.7,0,0
GATCG,95.15,5.7,95.15,5.7,0,0
GATCT,95.38,5.7,95.38,5.7,0,0
GATGA,79.44,3.87,79.44,3.87,0,0
GATGC,75.42,3.87,75.42,3.87,0,0
GATGG,82.94,3.87,82.94,3.87,0,0
GATGT,76.84,3.87,76.84,3.87,0,0
GATTA,96.01,5.53,96.01,5.53,0,0
GATTC,96.04,5.53,96.04,5.53,0,0
GATTG,96.1,5.53,96.1,5.53,0,0
GATTT,94.71,5.53,94.71,5.53,0,0
GCAAA,84.46,3.02,84.46,3.02,0,0
GCAAC,82.48,3.02,82.48,3.02,0,0
GCAAG,81.86,3.02,81.86,3.02,0,0
GCAAT,86.3,3.02,86.3,3.02,0,0
GCACA,73.15,1.88,73.15,1.88,0,0
GCACC,70.72,1.88,70.72,1.88,0,0
GCACG,73.84,1.88,73.84,1.88,0,0
GCACT,77.18,1.88,77.18,1.88,0,0
GCAGA,99.93,5.09,99.93,5.09,0,0
GCAGC,89.55,5.09,89.55,5.09,0,0
GCAGG,87.86,5.09,87.86,5.09,0,0
GCAGT,91.46,5.09,91.46,5.09,0,0
GCATA,82.81,2.13,82.81,2.13,0,0
GCATC,80.54,2.13,80.54,2.13,0,0
GCATG,80.71,2.13,80.71,2.13,0,0
GCATT,85.12,2.13,85.12,2.13,0,0
GCCAA,73.26,2.11,73.26,2.11,0,0
GCCAC,71.67,2.11,71.67,2.11,0,0
GCCAG,71.08,2.11,71.08,2.11,0,0
GCCAT,73.7,2.11,73.7,2.11,0,0
GCCCA,64.63,2.07,64.63,2.07,0,0
GCCCC,64.85,2.07,64.85,2.07,0,0
GCCCG,65.64,2.07,65.64,2.07,0,0
GCCCT,66.35,2.07,66.35,2.07,0,0
GCCGA,81.39,2.78,81.39,2.78,0,0
GCCGC,76.26,2.78,76.26,2.78,0,0
GCCGG,75.73,2.78,75.73,2.78,0,0
GCCGT,76.98,2.78,76.98,2.78,0,0
GCCTA,68.43,2.35,68.43,2.35,0,0
GCCTC,67.99,2.35,67.99,2.35,0,0
GCCTG,69.96,2.35,69.96,2.35,0,0
GCCTT,70.99,2.35,70.99,2.35,0,0
GCGAA,92.59,3.99,92.59,3.99,0,0
GCGAC,91.21,3.99,91.21,3.99,0,0
GCGAG,90.14,3.99,90.14,3.99,0,0
GCGAT,95.9,3.99,95.9,3.99,0,0
GCGCA,80.89,2.6,80.89,2.6,0,0
GCGCC,78.75,2.6,78.75,2.6,0,0
GCGCG,80.59,2.6,80.59,2.6,0,0
GCGCT,83.21,2.6,83.21,2.6,0,0
GCGGA,100.67,4.98,100.67,4.98,0,0
GCGGC,90.29,4.98,90.29,4.98,0,0
GCGGG,87.6,4.98,87.6,4.98,0,0
GCGGT,92.74,4.98,92.74,4.98,0,0
GCGTA,84.85,3.05,84.85,3.05,0,0
GCGTC,82.78,3.05,82.78,3.05,0,0
GCGTG,83.37,3.05,83.37,3.05,0,0
GCGTT,86.64,3.05,86.64,3.05,0,0
GCTAA,84.4,2.63,84.4,2.63,0,0
GCTAC,85.34,2.63,85.34,2.63,0,0
GCTAG,84.44,2.63,84.44,2.63,0,0
GCTAT,84.83,2.63,84.83,2.63,0,0
GCTCA,76.97,2.85,76.97,2.85,0,0
GCTCC,78.88,2.85,78.88,2.85,0,0
GCTCG,78.06,2.85,78.06,2.85,0,0
GCTCT,80.1,2.85,80.1,2.85,0,0
GCTGA,89.96,2.85,89.96,2.85,0,0
GCTGC,83.43,2.85,83.43,2.85,0,0
GCTGG,85.53,2.85,85.53,2.85,0,0
GCTGT,84.35,2.85,84.35,2.85,0,0
GCTTA,77.6,2.42,77.6,2.42,0,0
GCTTC,77.98,2.42,77.98,2.42,0,0
GCTTG,79.57,2.42,79.57,2.42,0,0
GCTTT,80.14,2.42,80.14,2.42,0,0
GGAAA,121.47,5.56,121.47,5.56,0,0
GGAAC,121.88,5.56,121.88,5.56,0,0
GGAAG,115.76,5.56,115.76,5.56,0,0
GGAAT,123.5,5.56,123.5,5.56,0,0
GGACA,118.4,4.79,118.4,4.79,0,0
GGACC,119.23,4.79,119.23,4.79,0,0
GGACG,120.92,4.79,120.92,4.79,0,0
GGACT,123.83,4.79,123.83,4.79,0,0
GGAGA,119.43,5.69,119.43,5.69,0,0
GGAGC,121.19,5.69,121.19,5.69,0,0
GGAGG,114.43,5.69,114.43,5.69,0,0
GGAGT,117.27,5.69,117.27,5.69,0,0
GGATA,126.88,5.1,126.88,5.1,0,0
GGATC,127.17,5.1,127.17,5.1,0,0
GGATG,126.02,5.1,126.02,5.1,0,0
GGATT,129.83,5.1,129.83,5.1,0,0
GGCAA,108.94,3.86,108.94,3.86,0,0
GGCAC,111.25,3.86,111.25,3.86,0,0
GGCAG,105.66,3.86,105.66,3.86,0,0
GGCAT,109.07,3.86,109.07,3.86,0,0
GGCCA,103.13,3.29,103.13,3.29,0,0
GGCCC,105.11,3.29,105.11,3.29,0,0
GGCCG,104.04,3.29,104.04,3.29,0,0
GGCCT,105.48,3.29,105.48,3.29,0,0
GGCGA,92.44,8.39,92.44,8.39,0,0
GGCGC,100.1,8.39,100.1,8.39,0,0
GGCGG,98.79,8.39,98.79,8.39,0,0
GGCGT,95.66,8.39,95.66,8.39,0,0
GGCTA,110.69,3.55,110.69,3.55,0,0
GGCTC,111.33,3.55,111.33,3.55,0,0
GGCTG,111.28,3.55,111.28,3.55,0,0
GGCTT,112.47,3.55,112.47,3.55,0,0
GGGAA,120.77,3.17,120.77,3.17,0,0
GGGAC,118.29,3.17,118.29,3.17,0,0
GGGAG,120.29,3.17,120.29,3.17,0,0
GGGAT,124.02,3.17,124.02,3.17,0,0
GGGCA,106.36,5.31,106.36,5.31,0,0
GGGCC,104.1,5.31,104.1,5.31,0,0
GGGCG,108.23,5.31,108.23,5.31,0,0
GGGCT,113.28,5.31,113.28,5.31,0,0
GGGGA,114.8,4.05,114.8,4.05,0,0
GGGGC,113.92,4.05,113.92,4.05,0,0
GGGGG,110.71,4.05,110.71,4.05,0,0
GGGGT,113.9,4.05,113.9,4.05,0,0
GGGTA,119.34,3.37,119.34,3.37,0,0
GGGTC,114.73,3.37,114.73,3.37,0,0
GGGTG,115.9,3.37,115.9,3.37,0,0
GGGTT,119.33,3.37,119.33,3.37,0,0
GGTAA,113.29,8.56,113.29,8.56,0,0
GGTAC,118.69,8.56,118.69,8.56,0,0
GGTAG,107.54,8.56,107.54,8.56,0,0
GGTAT,114.71,8.56,114.71,8.56,0,0
GGTCA,112.91,6.07,112.91,6.07,0,0
GGTCC,116.09,6.07,116.09,6.07,0,0
GGTCG,115.68,6.07,115.68,6.07,0,0
GGTCT,117.09,6.07,117.09,6.07,0,0
GGTGA,94.59,9.69,94.59,9.69,0,0
GGTGC,93.69,9.69,93.69,9.69,0,0
GGTGG,99.47,9.69,99.47,9.69,0,0
GGTGT,93.04,9.69,93.04,9.69,0,0
GGTTA,109.62,7.49,109.62,7.49,0,0
GGTTC,114.37,7.49,114.37,7.49,0,0
GGTTG,109.94,7.49,109.94,7.49,0,0
GGTTT,112.5,7.49,112.5,7.49,0,0
GTAAA,88.78,3.04,88.78,3.04,0,0
GTAAC,87.41,3.04,87.41,3.04,0,0
GTAAG,85.91,3.04,85.91,3.04,0,0
GTAAT,91.85,3.04,91.85,3.04,0,0
GTACA,76.34,2.1,76.34,2.1,0,0
GTACC,73.99,2.1,73.99,2.1,0,0
GTACG,77.41,2.1,77.41,2.1,0,0
GTACT,81.13,2.1,81.13,2.1,0,0
GTAGA,102.41,3.78,102.41,3.78,0,0
GTAGC,92.91,3.78,92.91,3.78,0,0
GTAGG,113.51,3.78,113.51,3.78,0,0
GTAGT,93.94,3.78,93.94,3.78,0,0
GTATA,89.66,2.63,89.66,2.63,0,0
GTATC,87,2.63,87,2.63,0,0
GTATG,86.71,2.63,86.71,2.63,0,0
GTATT,91.86,2.63,91.86,2.63,0,0
GTCAA,77.56,2.3,77.56,2.3,0,0
GTCAC,76.2,2.3,76.2,2.3,0,0
GTCAG,75.63,2.3,75.63,2.3,0,0
GTCAT,78.48,2.3,78.48,2.3,0,0
GTCCA,68.75,2.3,68.75,2.3,0,0
GTCCC,68.27,2.3,68.27,2.3,0,0
GTCCG,69.69,2.3,69.69,2.3,0,0
GTCCT,70.25,2.3,70.25,2.3,0,0
GTCGA,83.26,2.3,83.26,2.3,0,0
GTCGC,78.62,2.3,78.62,2.3,0,0
GTCGG,79.12,2.3,79.12,2.3,0,0
GTCGT,79.78,2.3,79.78,2.3,0,0
GTCTA,77.22,2.07,77.22,2.07,0,0
GTCTC,76.09,2.07,76.09,2.07,0,0
GTCTG,77.44,2.07,77.44,2.07,0,0
GTCTT,77.91,2.07,77.91,2.07,0,0
GTGAA,101.5,4.49,101.5,4.49,0,0
GTGAC,99.69,4.49,99.69,4.49,0,0
GTGAG,99.33,4.49,99.33,4.49,0,0
GTGAT,105.22,4.49,105.22,4.49,0,0
GTGCA,87.07,3.13,87.07,3.13,0,0
GTGCC,83.63,3.13,83.63,3.13,0,0
GTGCG,87.12,3.13,87.12,3.13,0,0
GTGCT,90.01,3.13,90.01,3.13,0,0
GTGGA,103.6,3.99,103.6,3.99,0,0
GTGGC,96.91,3.99,96.91,3.99,0,0
GTGGG,94.43,3.99,94.43,3.99,0,0
GTGGT,98.9,3.99,98.9,3.99,0,0
GTGTA,93.81,3.78,93.81,3.78,0,0
GTGTC,90.41,3.78,90.41,3.78,0,0
GTGTG,90.87,3.78,90.87,3.78,0,0
GTGTT,95.08,3.78,95.08,3.78,0,0
GTTAA,83.14,2.46,83.14,2.46,0,0
GTTAC,82.19,2.46,82.19,2.46,0,0
GTTAG,82.23,2.46,82.23,2.46,0,0
GTTAT,83.69,2.46,83.69,2.46,0,0
GTTCA,76.78,2.07,76.78,2.07,0,0
GTTCC,75.95,2.07,75.95,2.07,0,0
GTTCG,76.91,2.07,76.91,2.07,0,0
GTTCT,77.38,2.07,77.38,2.07,0,0
GTTGA,88.48,2.65,88.48,2.65,0,0
GTTGC,81.95,2.65,81.95,2.65,0,0
GTTGG,84.7,2.65,84.7,2.65,0,0
GTTGT,83.62,2.65,83.62,2.65,0,0
GTTTA,77.98,1.97,77.98,1.97,0,0
GTTTC,77.61,1.97,77.61,1.97,0,0
GTTTG,78.97,1.97,78.97,1.97,0,0
GTTTT,78.7,1.97,78.7,1.97,0,0
NNNNN,0,0,0,0,0,0
TAAAA,104.53,2.68,120.97,3,3,16.44
TAAAC,103.45,2.68,118.31,3,3,14.86
TAAAG,102.28,2.68,102.28,2.68,0,0
TAAAT,108.51,2.68,120.2,3,2,11.69
TAACA,93.83,3.45,104.98,3,3,11.15
TAACC,93.34,3.45,100.5,3,3,7.16
TAACG,95.3,3.45,95.3,3.45,0,0
TAACT,99.07,3.45,106.77,2.81,2,7.7
TAAGA,107.76,4.06,107.76,4.06,0,0
TAAGC,101.58,4.06,101.58,4.06,0,0
TAAGG,103.92,4.06,103.92,4.06,0,0
TAAGT,104.1,4.06,104.1,4.06,0,0
TAATA,108.46,3.11,116.91,3,3,8.45
TAATC,106.55,3.11,106.55,3.11,1,0
TAATG,104.66,3.11,104.66,3.11,0,0
TAATT,109.83,3,118.31,2.98,2,8.48
TACAA,83.04,3.18,83.04,3.18,0,0
TACAC,84.22,3.18,84.22,3.18,0,0
TACAG,79.55,3.18,79.55,3.18,0,0
TACAT,83.15,3.18,83.15,3.18,0,0
TACCA,77.84,2.81,77.84,2.81,0,0
TACCC,78.84,2.81,78.84,2.81,0,0
TACCG,78.27,2.81,78.27,2.81,0,0
TACCT,79.02,2.81,79.02,2.81,0,0
TACGA,79.56,3.18,79.56,3.18,0,0
TACGC,78.11,3.18,78.11,3.18,0,0
TACGG,80.13,3.18,80.13,3.18,0,0
TACGT,79.24,3.18,79.24,3.18,0,0
TACTA,87.98,2.73,87.98,2.73,0,0
TACTC,87.81,2.73,87.81,2.73,0,0
TACTG,87.79,2.73,87.79,2.73,0,0
TACTT,88.1,2.73,88.1,2.73,0,0
TAGAA,122.17,5.87,122.17,5.87,0,0
TAGAC,120.42,5.87,120.42,5.87,0,0
TAGAG,121.13,5.87,121.13,5.87,0,0
TAGAT,126.66,5.87,126.66,5.87,0,0
TAGCA,105.36,3.02,105.36,3.02,0,0
TAGCC,101.17,3.02,101.17,3.02,0,0
TAGCG,105.73,3.02,105.73,3.02,0,0
TAGCT,109.43,3.02,109.43,3.02,0,0
TAGGA,100.23,7.84,100.23,7.84,0,0
TAGGC,93.67,7.84,93.67,7.84,0,0
TAGGG,89.44,7.84,89.44,7.84,0,0
TAGGT,96.83,7.84,96.83,7.84,0,0
TAGTA,118.82,4.03,118.82,4.03,0,0
TAGTC,113.73,4.03,113.73,4.03,0,0
TAGTG,115.89,4.03,115.89,4.03,0,0
TAGTT,118.67,4.03,118.67,4.03,0,0
TATAA,92.84,6.28,92.84,6.28,0,0
TATAC,95.09,6.28,95.09,6.28,0,0
TATAG,92.78,6.28,92.78,6.28,0,0
TATAT,93.55,6.28,93.55,6.28,0,0
TATCA,92.76,5.7,92.76,5.7,0,0
TATCC,94.26,5.7,94.26,5.7,0,0
TATCG,94.1,5.7,94.1,5.7,0,0
TATCT,94.81,5.7,94.81,5.7,0,0
TATGA,82.98,3.87,82.98,3.87,0,0
TATGC,78.95,3.87,78.95,3.87,0,0
TATGG,86.36,3.87,86.36,3.87,0,0
TATGT,80.2,3.87,80.2,3.87,0,0
TATTA,94.35,5.53,94.35,5.53,0,0
TATTC,95.06,5.53,95.06,5.53,0,0
TATTG,94.79,5.53,94.79,5.53,0,0
TATTT,94.78,5.53,94.78,5.53,0,0
TCAAA,87.61,3.02,97.93,3,3,10.32
TCAAC,85.79,3.02,96.02,3,3,10.23
TCAAG,85.7,3.02,85.7,3.02,0,0
TCAAT,89.2,3.02,98.92,3,3,9.72
TCACA,75.59,1.88,88.02,3,3,12.43
TCACC,74.44,1.88,85.28,2.73,3,10.84
TCACG,75.82,1.88,75.82,1.88,0,0
TCACT,79.43,1.88,89.13,3,3,9.7
TCAGA,100.98,5.09,100.98,5.09,0,0
TCAGC,90.48,5.09,90.48,5.09,0,0
TCAGG,89.11,5.09,89.11,5.09,0,0
TCAGT,93.14,5.09,93.14,5.09,0,0
TCATA,87.27,1.72,93.12,2.61,2,5.85
TCATC,85.07,1.78,90.96,2.51,2,5.89
TCATG,83.81,2.13,83.81,2.13,0,0
TCATT,88.36,2.13,92.63,3,2,4.27
TCCAA,74.33,2.11,74.33,2.11,0,0
TCCAC,72.87,2.11,72.87,2.11,0,0
TCCAG,72.52,2.11,72.52,2.11,0,0
TCCAT,74.37,2.11,74.37,2.11,0,0
TCCCA,64.83,2.07,64.83,2.07,0,0
TCCCC,64.94,2.07,64.94,2.07,0,0
TCCCG,65.58,2.07,65.58,2.07,0,0
TCCCT,66.26,2.07,66.26,2.07,0,0
TCCGA,81.88,2.78,81.88,2.78,0,0
TCCGC,76.6,2.78,76.6,2.78,0,0
TCCGG,76.57,2.78,76.57,2.78,0,0
TCCGT,77.04,2.78,77.04,2.78,0,0
TCCTA,70.14,2.35,70.14,2.35,0,0
TCCTC,70.83,2.35,70.83,2.35,0,0
TCCTG,71.64,2.35,71.64,2.35,0,0
TCCTT,73.28,2.35,73.28,2.35,0,0
TCGAA,96.87,3.99,96.87,3.99,0,0
TCGAC,96.27,3.99,96.27,3.99,0,0
TCGAG,94.81,3.99,94.81,3.99,0,0
TCGAT,99.04,3.99,99.04,3.99,0,0
TCGCA,87.17,2.6,87.17,2.6,0,0
TCGCC,84.43,2.6,84.43,2.6,0,0
TCGCG,86.83,2.6,86.83,2.6,0,0
TCGCT,88.71,2.6,88.71,2.6,0,0
TCGGA,102.03,4.98,102.03,4.98,0,0
TCGGC,92.92,4.98,92.92,4.98,0,0
TCGGG,90.95,4.98,90.95,4.98,0,0
TCGGT,95.29,4.98,95.29,4.98,0,0
TCGTA,91.75,3.05,91.75,3.05,0,0
TCGTC,89.2,3.05,89.2,3.05,0,0
TCGTG,89.97,3.05,89.97,3.05,0,0
TCGTT,92.1,3.05,92.1,3.05,0,0
TCTAA,84.15,2.63,84.15,2.63,0,0
TCTAC,83.06,2.63,83.06,2.63,0,0
TCTAG,84.05,2.63,84.05,2.63,0,0
TCTAT,83.97,2.63,83.97,2.63,0,0
TCTCA,76.05,2.85,76.05,2.85,0,0
TCTCC,75.36,2.85,75.36,2.85,0,0
TCTCG,78.42,2.85,78.42,2.85,0,0
TCTCT,79.44,2.85,79.44,2.85,0,0
TCTGA,91.37,2.85,91.37,2.85,0,0
TCTGC,83.9,2.85,83.9,2.85,0,0
TCTGG,86.5,2.85,86.5,2.85,0,0
TCTGT,84.95,2.85,84.95,2.85,0,0
TCTTA,77.86,2.42,77.86,2.42,0,0
TCTTC,76.97,2.42,76.97,2.42,0,0
TCTTG,80.89,2.42,80.89,2.42,0,0
TCTTT,80.39,2.42,80.39,2.42,0,0
TGAAA,118.11,5.56,118.11,5.56,0,0
TGAAC,118.66,5.56,118.66,5.56,0,0
TGAAG,114.75,5.56,114.75,5.56,0,0
TGAAT,120.76,5.56,120.76,5.56,0,0
TGACA,117.05,4.79,117.05,4.79,0,0
TGACC,118.44,4.79,118.44,4.79,0,0
TGACG,118.74,4.79,118.74,4.79,0,0
TGACT,121.9,4.79,121.9,4.79,0,0
TGAGA,117.69,5.69,117.69,5.69,0,0
TGAGC,117.86,5.69,117.86,5.69,0,0
TGAGG,114.26,5.69,114.26,5.69,0,0
TGAGT,116.26,5.69,116.26,5.69,0,0
TGATA,124.24,5.1,124.24,5.1,0,0
TGATC,124.55,5.1,124.55,5.1,0,0
TGATG,123.13,5.1,123.13,5.1,0,0
TGATT,127.73,5.1,127.73,5.1,0,0
TGCAA,106.02,3.86,106.02,3.86,0,0
TGCAC,108.56,3.86,108.56,3.86,0,0
TGCAG,103.32,3.86,103.32,3.86,0,0
TGCAT,106.11,3.86,106.11,3.86,0,0
TGCCA,101.35,3.29,101.35,3.29,0,0
TGCCC,102.95,3.29,102.95,3.29,0,0
TGCCG,102.07,3.29,102.07,3.29,0,0
TGCCT,102.97,3.29,102.97,3.29,0,0
TGCGA,94.55,8.39,94.55,8.39,0,0
TGCGC,98.58,8.39,98.58,8.39,0,0
TGCGG,98.67,8.39,98.67,8.39,0,0
TGCGT,96.64,8.39,96.64,8.39,0,0
TGCTA,107.94,3.55,107.94,3.55,0,0
TGCTC,108.76,3.55,108.76,3.55,0,0
TGCTG,108.07,3.55,108.07,3.55,0,0
TGCTT,109.23,3.55,109.23,3.55,0,0
TGGAA,120.39,3.17,120.39,3.17,0,0
TGGAC,118.05,3.17,118.05,3.17,0,0
TGGAG,120.17,3.17,120.17,3.17,0,0
TGGAT,125.17,3.17,125.17,3.17,0,0
TGGCA,104.83,5.31,104.83,5.31,0,0
TGGCC,103.76,5.31,103.76,5.31,0,0
TGGCG,107.59,5.31,107.59,5.31,0,0
TGGCT,108.63,5.31,108.63,5.31,0,0
TGGGA,113.62,4.05,113.62,4.05,0,0
TGGGC,113.12,4.05,113.12,4.05,0,0
TGGGG,111.57,4.05,111.57,4.05,0,0
TGGGT,112.2,4.05,112.2,4.05,0,0
TGGTA,118.63,3.37,118.63,3.37,0,0
TGGTC,114.41,3.37,114.41,3.37,0,0
TGGTG,115.66,3.37,115.66,3.37,0,0
TGGTT,118.83,3.37,118.83,3.37,0,0
TGTAA,109.08,8.56,109.08,8.56,0,0
TGTAC,113.99,8.56,113.99,8.56,0,0
TGTAG,106.93,8.56,106.93,8.56,0,0
TGTAT,110.15,8.56,110.15,8.56,0,0
TGTCA,109.11,6.07,109.11,6.07,0,0
TGTCC,112.01,6.07,112.01,6.07,0,0
TGTCG,110.08,6.07,110.08,6.07,0,0
TGTCT,111.93,6.07,111.93,6.07,0,0
TGTGA,94.9,9.69,94.9,9.69,0,0
TGTGC,95.27,9.69,95.27,9.69,0,0
TGTGG,99.41,9.69,99.41,9.69,0,0
TGTGT,93.18,9.69,93.18,9.69,0,0
TGTTA,106.43,7.49,106.43,7.49,0,0
TGTTC,109.7,7.49,109.7,7.49,0,0
TGTTG,107.05,7.49,107.05,7.49,0,0
TGTTT,109.49,7.49,109.49,7.49,0,0
TTAAA,92.05,3,103.12,3,2,11.07
TTAAC,90.31,3.04,103.52,3,3,13.21
TTAAG,89.64,3.04,89.64,3.04,0,0
TTAAT,94.22,3.04,107.23,3,3,13.01
TTACA,79.88,2.1,93.03,3,3,13.15
TTACC,76.73,2.1,90.32,3,3,13.59
TTACG,80.27,2.1,80.27,2.1,0,0
TTACT,84.2,2.1,96.41,3,3,12.21
TTAGA,103.76,3.78,103.76,3.78,0,0
TTAGC,94.88,3.78,94.88,3.78,0,0
TTAGG,92.38,3.78,92.38,3.78,0,0
TTAGT,95.99,3.78,95.99,3.78,0,0
TTATA,93.29,2.32,100.34,3,2,7.05
TTATC,90.32,1.98,95.47,2.17,2,5.15
TTATG,89.8,2.63,89.8,2.63,0,0
TTATT,94.2,2.63,100.51,2.33,2,6.31
TTCAA,80.1,2.3,80.1,2.3,0,0
TTCAC,77.15,2.3,77.15,2.3,0,0
TTCAG,75.46,2.3,75.46,2.3,0,0
TTCAT,80.43,2.3,80.43,2.3,0,0
TTCCA,70.43,2.3,70.43,2.3,0,0
TTCCC,68.77,2.3,68.77,2.3,0,0
TTCCG,70.81,2.3,70.81,2.3,0,0
TTCCT,72.03,2.3,72.03,2.3,0,0
TTCGA,84.7,2.3,84.7,2.3,0,0
TTCGC,80.79,2.3,80.79,2.3,0,0
TTCGG,81.45,2.3,81.45,2.3,0,0
TTCGT,81.56,2.3,81.56,2.3,0,0
TTCTA,79.45,2.07,79.45,2.07,0,0
TTCTC,77.3,2.07,77.3,2.07,0,0
TTCTG,79.59,2.07,79.59,2.07,0,0
TTCTT,79.33,2.07,79.33,2.07,0,0
TTGAA,104.82,4.49,104.82,4.49,0,0
TTGAC,104.2,4.49,104.2,4.49,0,0
TTGAG,102.99,4.49,102.99,4.49,0,0
TTGAT,108.32,4.49,108.32,4.49,0,0
TTGCA,92.63,3.13,92.63,3.13,0,0
TTGCC,89.55,3.13,89.55,3.13,0,0
TTGCG,92.52,3.13,92.52,3.13,0,0
TTGCT,94.95,3.13,94.95,3.13,0,0
TTGGA,105.73,3.99,105.73,3.99,0,0
TTGGC,100.45,3.99,100.45,3.99,0,0
TTGGG,98.91,3.99,98.91,3.99,0,0
TTGGT,102.47,3.99,102.47,3.99,0,0
TTGTA,99.35,3.78,99.35,3.78,0,0
TTGTC,96.28,3.78,96.28,3.78,0,0
TTGTG,97.14,3.78,97.14,3.78,0,0
TTGTT,99.72,3.78,99.72,3.78,0,0
TTTAA,84.44,2.46,84.44,2.46,0,0
TTTAC,82.79,2.46,82.79,2.46,0,0
TTTAG,83.95,2.46,83.95,2.46,0,0
TTTAT,84.61,2.46,84.61,2.46,0,0
TTTCA,78.13,2.07,78.13,2.07,0,0
TTTCC,75.29,2.07,75.29,2.07,0,0
TTTCG,79.07,2.07,79.07,2.07,0,0
TTTCT,79.59,2.07,79.59,2.07,0,0
TTTGA,89.94,2.65,89.94,2.65,0,0
TTTGC,83.8,2.65,83.8,2.65,0,0
TTTGG,86.61,2.65,86.61,2.65,0,0
TTTGT,85.15,2.65,85.15,2.65,0,0
TTTTA,79.28,1.97,79.28,1.97,0,0
TTTTC,77.91,1.97,77.91,1.97,0,0
TTTTG,81.03,1.97,81.03,1.97,0,0
TTTTT,80.78,1.97,80.78,1.97,0,0
