site,kmer,pattern,ref_rate,pred_wt_rate,label
11_108237879_CTAAT,CTAAT,3,0.188679245,0.1,1
11_125545882_CAACC,CAACC,3,0.117647059,0.16,1
11_76736723_TTACA,TTACA,3,0.595744681,0.571428571,1
11_8707906_CTAAC,CTAAC,3,0.113924051,0.221153846,1
11_8707907_TAACT,TAACT,2,0.145695364,0.192307692,1
11_8708781_CTACT,CTACT,3,0.700729927,0.586956522,1
11_8708784_CTAAA,CTAAA,3,0.266666667,0.255319149,1
11_93494979_ATAAT,ATAAT,3,0.205882353,0.139534884,1
11_768288_TCACC,TCACC,3,0.125,0.625,1
11_768346_CTACA,CTACA,3,0.107142857,0.555555556,1
11_77779708_CTACA,CTACA,3,0.5,0.56,1
11_77780116_CTACA,CTACA,3,0.4,0.541666667,1
11_93466873_TCACT,TCACT,3,0.213114754,0.283333333,1
3_155660832_CCAAC,CCAAC,3,0.172413793,0.363636364,1
3_155660833_CAACA,CAACA,3,0.372093023,0.363636364,1
3_155660908_CTACT,CTACT,3,0.12962963,0.761904762,1
3_197611289_AAAAT,AAAAT,2,0.337078652,0.285714286,1
3_197612295_CAACA,CAACA,3,0.119047619,0.3125,1
3_45721835_TCACT,TCACT,3,0.450980392,0.625,1
3_45721890_CCACC,CCACC,3,0.527472527,0.5625,1
3_45721916_CCACC,CCACC,3,0.431372549,0.4375,1
3_45721988_TTAAT,TTAAT,3,0.207317073,0.25,1
3_45721989_TAATA,TAATA,3,0.392405063,0.133333333,1
3_45722054_CCACT,CCACT,3,0.275510204,0.2,1
3_49452786_CTAAA,CTAAA,3,0.106382979,0.2,1
3_141664099_CTACT,CTACT,3,0.228571429,0.666666667,1
3_156259405_CAACA,CAACA,3,0.565789474,0.464968153,1
3_156259406_CCAAC,CCAAC,3,0.442982456,0.384615385,1
3_44790758_CTACA,CTACA,3,0.153284672,0.301204819,1
3_44790858_TCACC,TCACC,3,0.164285714,0.526315789,1
3_48787041_CTACT,CTACT,3,0.228571429,0.375,1
3_48787117_CAACA,CAACA,3,0.195402299,0.125,1
3_49461125_CAACC,CAACC,3,0.102941176,0,1
3_57124635_CAACA,CAACA,3,0.24137931,0.166666667,1
3_57124636_CCAAC,CCAAC,3,0.169491525,0.516129032,1
3_57612179_TTACA,TTACA,3,0.263157895,0.714285714,1
3_57612932_TTACA,TTACA,3,0.290322581,0.285714286,1
11_108237753_TCACC,TCACC,3,0,0.111111111,0
11_108237866_CCAAC,CCAAC,3,0,0.3,0
11_108238000_CCACC,CCACC,3,0,0.2,0
11_111595295_CTACA,CTACA,3,0,0,0
11_111596061_TTACA,TTACA,3,0,0.058823529,0
11_117039580_TCACT,TCACT,3,0,0.088235294,0
11_117039592_CCACC,CCACC,3,0,0.090909091,0
11_117039645_TTACA,TTACA,3,0,0.333333333,0
11_117039671_CTAAT,CTAAT,3,0,0.111111111,0
11_117039780_TTACA,TTACA,3,0,0.179487179,0
11_118417047_CTACA,CTACA,3,0,0,0
11_119175474_TTACA,TTACA,3,0,0,0
11_124504069_AAAAT,AAAAT,2,0,0,0
11_125526134_CTACT,CTACT,3,0,0.435185185,0
11_134188922_TCACT,TCACT,3,0,0.0625,0
11_207759_CTAAC,CTAAC,3,0,0,0
11_208427_CTAAC,CTAAC,3,0,0,0
11_208453_AAAAT,AAAAT,2,0,0,0
11_47594158_TTACA,TTACA,3,0,0,0
11_57508375_CTAAC,CTAAC,3,0,0.073529412,0
11_62160020_CAACA,CAACA,3,0,0.2,0
11_62649279_CCACC,CCACC,3,0,0.142857143,0
11_63724226_TCACC,TCACC,3,0,0.285714286,0
11_63724260_CAACA,CAACA,3,0,0.166666667,0
11_63724333_CTACT,CTACT,3,0,0.483870968,0
11_64893745_TTACA,TTACA,3,0,0.342281879,0
11_64893758_CCACC,CCACC,3,0,0.175675676,0
11_64893771_CTAAT,CTAAT,3,0,0.206666667,0
11_64893853_CCACC,CCACC,3,0,0.264150943,0
11_66417256_TCACT,TCACT,3,0,0.333333333,0
11_66417262_TAACT,TAACT,2,0,0.076923077,0
11_6977559_TAATA,TAATA,3,0,0,0
11_6977561_ATAAT,ATAAT,3,0,0.272727273,0
11_6977613_AAAAT,AAAAT,2,0,0,0
11_6977622_CAACC,CAACC,3,0,0,0
11_76736692_TCACC,TCACC,3,0,0.285714286,0
11_8707929_CCACC,CCACC,3,0,0.323809524,0
11_8708760_CAACC,CAACC,3,0,0.02173913,0
11_93461893_TTAAT,TTAAT,3,0,0.142857143,0
11_94803410_ATAAT,ATAAT,3,0,0.333333333,0
11_9519321_CTACA,CTACA,3,0,0.04,0
11_9771776_CTACT,CTACT,3,0,0.416666667,0
11_10535391_AAAAT,AAAAT,2,0,0.230769231,0
11_10535401_CTAAA,CTAAA,3,0,0.153846154,0
11_10535404_CTACT,CTACT,3,0,0.153846154,0
11_10535425_CAACA,CAACA,3,0,0.230769231,0
11_10535426_CCAAC,CCAAC,3,0,0.346153846,0
11_107662479_TTACA,TTACA,3,0,0.222222222,0
11_108343885_TCACT,TCACT,3,0,0.473684211,0
11_108343965_CTACT,CTACT,3,0,0.111111111,0
11_108343986_CAACA,CAACA,3,0,0.111111111,0
11_111611122_CTAAA,CTAAA,3,0,0.1,0
11_111611125_CTACT,CTACT,3,0,0.1,0
11_113669079_TCACT,TCACT,3,0,0.170454545,0
11_117076107_TCACT,TCACT,3,0,0.48,0
11_119179861_AAAAT,AAAAT,2,0,0,0
11_119179867_CTACT,CTACT,3,0,0.166666667,0
11_18300847_CAACC,CAACC,3,0,0.076923077,0
11_27516892_CTACA,CTACA,3,0,0.333333333,0
11_45263939_TCACC,TCACC,3,0,0.166666667,0
11_46699275_CCACC,CCACC,3,0,0.037037037,0
11_5685298_CCACC,CCACC,3,0,0.08,0
11_5685361_CCACC,CCACC,3,0,0.130434783,0
11_5685367_CAACC,CAACC,3,0,0.086956522,0
11_62518724_CTAAT,CTAAT,3,0,0.166666667,0
11_62519140_TTACA,TTACA,3,0,0.166666667,0
11_63393331_TTACA,TTACA,3,0,0.125,0
11_63393729_CTACA,CTACA,3,0,0.166666667,0
11_63393782_CCACC,CCACC,3,0,0,0
11_65764710_TAACT,TAACT,2,0,0,0
11_69480773_TAACT,TAACT,2,0,0.25,0
11_69480908_TCACT,TCACT,3,0,0.5,0
11_768213_CTACA,CTACA,3,0,0.090909091,0
11_768411_CAACC,CAACC,3,0,0.333333333,0
11_768638_TCACT,TCACT,3,0,0.285714286,0
11_77779767_CAACC,CAACC,3,0,0,0
11_77780137_CAACA,CAACA,3,0,0.125,0
11_86658122_CTACA,CTACA,3,0,0.333333333,0
11_9303667_TTACA,TTACA,3,0,0.162162162,0
11_9304223_TTACA,TTACA,3,0,0.260869565,0
11_9304411_CCACC,CCACC,3,0,0.045454545,0
11_93463565_CTAAA,CTAAA,3,0,0.126182965,0
11_93468097_AAAAT,AAAAT,2,0,0.302325581,0
11_93468812_TCACC,TCACC,3,0,0.222222222,0
3_10143149_CAACC,CAACC,3,0,0.066666667,0
3_101485845_TCACT,TCACT,3,0,0,0
3_101485881_CCACT,CCACT,3,0,0,0
3_101488942_TCACT,TCACT,3,0,0.428571429,0
3_101488948_CAACC,CAACC,3,0,0.166666667,0
3_101489109_CCACC,CCACC,3,0,0.125,0
3_101545657_TCACC,TCACC,3,0,0.5,0
3_101545712_CTACT,CTACT,3,0,0,0
3_113528963_TCACT,TCACT,3,0,0.2,0
3_113529028_TTACA,TTACA,3,0,0.27027027,0
3_113529041_CCACC,CCACC,3,0,0.157894737,0
3_113529054_CTAAT,CTAAT,3,0,0.27027027,0
3_113529085_TCACC,TCACC,3,0,0.4,0
3_113529162_TTACA,TTACA,3,0,0.275,0
3_122448355_TCACT,TCACT,3,0,0,0
3_124450371_TCACC,TCACC,3,0,0.5,0
3_12580771_TTACA,TTACA,3,0,0.2,0
3_12580797_CTAAT,CTAAT,3,0,0,0
3_12580829_TCACT,TCACT,3,0,0.5,0
3_134268981_CTAAC,CTAAC,3,0,0,0
3_135866043_CTACA,CTACA,3,0,0,0
3_139075920_CTAAA,CTAAA,3,0,0.2,0
3_141464898_CAACC,CAACC,3,0,0.133333333,0
3_141464983_CTAAT,CTAAT,3,0,0.235294118,0
3_141465065_CCACC,CCACC,3,0,0.111111111,0
3_153974091_CAACC,CAACC,3,0,0,0
3_155660860_AAAAT,AAAAT,2,0,0.5,0
3_155660979_CCACT,CCACT,3,0,0.260869565,0
3_158263129_CTACA,CTACA,3,0,0.133333333,0
3_170151067_CTACA,CTACA,3,0,0,0
3_179042889_CAACC,CAACC,3,0,0,0
3_179043082_TTACA,TTACA,3,0,0.05,0
3_183169871_TCACT,TCACT,3,0,0.393939394,0
3_183398019_CTACA,CTACA,3,0,0,0
3_183400814_CAACC,CAACC,3,0,0,0
3_185009981_CTACT,CTACT,3,0,0.317073171,0
3_196461268_CTACT,CTACT,3,0,0.19047619,0
3_196461274_AAAAT,AAAAT,2,0,0.1,0
3_196557837_CAACC,CAACC,3,0,0.066666667,0
3_196558032_TTACA,TTACA,3,0,0.5,0
3_197611389_TTACA,TTACA,3,0,0.285714286,0
3_33184220_TCACT,TCACT,3,0,0.192857143,0
3_33184226_CAACC,CAACC,3,0,0.053003534,0
3_38566020_TCACT,TCACT,3,0,0.25,0
3_40558998_CCACT,CCACT,3,0,0.272727273,0
3_44640429_TTACA,TTACA,3,0,0.444444444,0
3_45721894_CTACT,CTACT,3,0,0.125,0
3_45722316_CAACA,CAACA,3,0,0,0
3_45722350_AAAAT,AAAAT,2,0,0.176470588,0
3_45722481_CAACA,CAACA,3,0,0.052631579,0
3_48328911_CTACA,CTACA,3,0,0.375,0
3_48328925_AAAAT,AAAAT,2,0,0.333333333,0
3_48962203_TCACT,TCACT,3,0,0,0
3_49452699_CCAAC,CCAAC,3,0,0.5,0
3_49452700_CAACA,CAACA,3,0,0,0
3_49452761_CAACA,CAACA,3,0,0,0
3_49452789_AAAAT,AAAAT,2,0,0,0
3_49452837_CTACT,CTACT,3,0,0.2,0
3_49452928_CAACA,CAACA,3,0,0,0
3_50264243_TCACC,TCACC,3,0,0,0
3_56604001_TTACA,TTACA,3,0,0.25,0
3_57306491_AAAAT,AAAAT,2,0,0,0
3_57306519_TTAAT,TTAAT,3,0,0.033333333,0
3_57306701_TCACT,TCACT,3,0,0.206896552,0
3_57306792_CTAAT,CTAAT,3,0,0.121212121,0
3_57546217_CTAAT,CTAAT,3,0,0.125,0
3_58304566_AAAAT,AAAAT,2,0,0.043478261,0
3_58304679_CCACT,CCACT,3,0,0.416666667,0
3_58307950_CTAAA,CTAAA,3,0,0.25,0
3_87304218_TAATA,TAATA,3,0,0.209090909,0
3_9426637_CAACA,CAACA,3,0,0.1,0
3_97663225_AAAAT,AAAAT,2,0,0,0
3_97663730_TTAAT,TTAAT,3,0,0,0
3_97663746_CTAAA,CTAAA,3,0,0.142857143,0
3_9786725_CAACC,CAACC,3,0,0,0
3_120045194_CTAAA,CTAAA,3,0,0,0
3_120045197_CTACT,CTACT,3,0,0.2,0
3_120045218_CAACA,CAACA,3,0,0,0
3_120045219_CCAAC,CCAAC,3,0,0.2,0
3_120046772_CTAAA,CTAAA,3,0,0.2,0
3_120046796_CAACA,CAACA,3,0,0,0
3_120046797_CCAAC,CCAAC,3,0,0,0
3_124802502_CAACC,CAACC,3,0,0,0
3_132277422_TTACA,TTACA,3,0,0.131578947,0
3_132400275_AAAAT,AAAAT,2,0,0.375,0
3_141664007_CAACA,CAACA,3,0,0,0
3_149237543_ATAAT,ATAAT,3,0,0.3,0
3_149237581_CTAAT,CTAAT,3,0,0.444444444,0
3_149237607_TTACA,TTACA,3,0,0.5,0
3_149458978_CTACT,CTACT,3,0,0.4,0
3_149459030_AAAAT,AAAAT,2,0,0.266666667,0
3_149459033_CTAAA,CTAAA,3,0,0.139344262,0
3_149459036_CTACT,CTACT,3,0,0.090163934,0
3_15091363_TCACT,TCACT,3,0,0.333333333,0
3_15112509_CTAAA,CTAAA,3,0,0.125,0
3_15112512_CTACT,CTACT,3,0,0.125,0
3_155480802_CTAAT,CTAAT,3,0,0.111111111,0
3_155480894_TCACT,TCACT,3,0,0.055555556,0
3_156258337_TCACT,TCACT,3,0,0.296,0
3_156258372_TCACC,TCACC,3,0,0.170731707,0
3_156259256_CTACT,CTACT,3,0,0.458598726,0
3_156259370_AAAAT,AAAAT,2,0,0.209150327,0
3_156259381_CTAAA,CTAAA,3,0,0.090322581,0
3_160154360_CCACT,CCACT,3,0,0.078947368,0
3_160213895_TCACC,TCACC,3,0,0.5,0
3_160214012_CAACC,CAACC,3,0,0,0
3_169806859_CCACC,CCACC,3,0,0.111111111,0
3_169806891_CAACC,CAACC,3,0,0,0
3_169806932_TCACC,TCACC,3,0,0.333333333,0
3_169806938_TCACT,TCACT,3,0,0.333333333,0
3_169807478_CCACC,CCACC,3,0,0,0
3_169807524_TCACC,TCACC,3,0,0.5,0
3_169807582_TTACA,TTACA,3,0,0.375,0
3_185208967_CTAAT,CTAAT,3,0,0.2,0
3_186264361_TTACA,TTACA,3,0,0.470588235,0
3_194362470_CTACT,CTACT,3,0,0.411764706,0
3_194362526_CTACT,CTACT,3,0,0.204081633,0
3_195776712_TCACT,TCACT,3,0,0.324723247,0
3_196663095_CTAAC,CTAAC,3,0,0.04587156,0
3_23952881_CAACC,CAACC,3,0,0,0
3_3192664_CCACC,CCACC,3,0,0.175438596,0
3_42592899_ATAAT,ATAAT,3,0,0.25,0
3_44790654_CCACC,CCACC,3,0,0.426829268,0
3_44791461_CTACA,CTACA,3,0,0.372881356,0
3_48335691_CTACT,CTACT,3,0,0.416666667,0
3_48668700_CTAAA,CTAAA,3,0,0.041666667,0
3_48785769_CAACA,CAACA,3,0,0.166666667,0
3_48787405_CAACA,CAACA,3,0,0,0
3_48787566_CCACC,CCACC,3,0,0,0
3_49461131_TAACT,TAACT,2,0,0,0
3_52289086_CTACT,CTACT,3,0,0.441558442,0
3_52289139_CTACT,CTACT,3,0,0.114285714,0
3_52783730_TTACA,TTACA,3,0,0,0
3_53918763_CAACC,CAACC,3,0,0.166666667,0
3_53918795_CTACT,CTACT,3,0,0.333333333,0
3_56654314_CTAAC,CTAAC,3,0,0.115384615,0
3_56655038_TAACT,TAACT,2,0,0,0
3_56655069_CTACA,CTACA,3,0,0.4,0
3_57124470_CAACA,CAACA,3,0,0.142857143,0
3_57124597_TTAAT,TTAAT,3,0,0.032258065,0
3_57124608_AAAAT,AAAAT,2,0,0.129032258,0
3_57124611_CTAAA,CTAAA,3,0,0.125,0
3_57124614_CTACT,CTACT,3,0,0.09375,0
3_57126359_TTACA,TTACA,3,0,0.333333333,0
3_57612287_CTAAT,CTAAT,3,0,0.214285714,0
3_57612300_CCACC,CCACC,3,0,0.285714286,0
3_57612998_CTACT,CTACT,3,0,0.142857143,0
3_57613038_AAAAT,AAAAT,2,0,0.285714286,0
3_57613073_CAACA,CAACA,3,0,0.142857143,0
3_57613107_TCACT,TCACT,3,0,0.285714286,0
3_66429466_TCACT,TCACT,3,0,0.362068966,0
3_66429597_CTAAC,CTAAC,3,0,0.005813953,0
3_69026188_TTACA,TTACA,3,0,0,0
3_69026253_TCACT,TCACT,3,0,0,0
3_9883040_CTAAA,CTAAA,3,0,0.222222222,0
3_9883100_TCACC,TCACC,3,0,0.473684211,0
3_9883389_TCACT,TCACT,3,0,0.375,0
