pos,model_kmer,model_mean,model_stdv,model_mean_mod,model_stdv_mod,mod_rate
2,TGGTT,122.04,5,91.57,5,0
3,GGTTT,117.34,5,101.66,5,0
4,GTTTA,86.89,5,74.92,3.52,0
5,TTTAT,88.25,1.99,88.98,5,0.357795583
6,TTATA,92.37,5,99.39,4.86,0
7,TATAG,101.98,5,88.77,5,0
8,ATAGT,99.16,5,86.34,5,0
9,TAGTT,119.92,3.98,104.89,5,0.188825597
10,AGTTG,122.92,5,106.19,5,0.434319216
11,GTTGT,88.35,4.04,100.7,3.78,0.097343376
12,TTGTT,101,5,85,5,0
13,TGTTA,109.69,5,91.99,5,0.122804484
14,GTTAG,87.43,4.64,99.72,5,0.019192864
15,TTAGA,100.78,5,118.22,4.61,0.007193017
16,TAGAG,120.65,3.38,103.72,5,0.00275809
17,AGAGT,125.49,3.55,111.65,5,0
18,GAGTT,125.63,2.97,113.55,5,0
19,AGTTT,127.42,4.88,100.96,5,0.015566366
20,GTTTG,83.77,3.75,96.62,5,0
21,TTTGA,89.33,5,89.66,1.68,0
22,TTGAG,103.36,5,90.79,5,0
23,TGAGG,114.78,3.54,101.05,5,0.047858979
24,GAGGT,108.59,5,90.37,5,0.002527896
25,AGGTG,112.45,5,92.83,5,0.006528077
26,GGTGT,90.05,5,106.4,5,0.006084992
27,GTGTT,95.94,4.66,84.26,5,0.018140513
28,TGTTA,106.62,5,89.79,5,0.172970645
29,GTTAA,86.95,4.29,99.29,4.84,0.012097533
30,TTAAT,96.03,4.05,86.97,5,0.004630759
31,TAATT,108.55,1.6,103.49,5,0.333764916
32,AATTC,102.14,4.62,86.08,5,0.083307937
33,ATTCT,84.73,5,84.32,1.95,0
34,TTCTA,83.7,4.93,83.7,4.93,0
35,TCTAA,87.8,5,86.85,1.57,0
36,CTAAT,100.01,3.11,90.11,2.9,0.010582272
37,TAATT,108.4,2.35,102.14,5,0.241135068
38,AATTA,101.86,5,98.67,5,0
39,ATTAT,88.71,4.01,97.47,4.04,0.064200218
40,TTATC,91.94,4.76,77.16,5,0.033546824
41,TATCT,97.19,3.41,85.06,5,0.239227129
42,ATCTA,83.23,5,70.71,4.86,0.049313977
43,TCTAT,87.32,2,85.75,5,0.309190985
44,CTATT,97.58,1.95,92.3,5,0.286593403
45,TATTT,86.92,5,87.02,2.48,0
46,ATTTC,81.83,2.31,80.65,5,0.33528699
47,TTTCA,83.42,2.46,78,5,0.044936704
48,TTCAA,84.95,3.32,74.77,4.51,0.134937001
49,TCAAA,90.65,3.9,79.79,5,0.032681616
50,CAAAT,115,3.34,96.84,5,0.101520466
51,AAATT,116.22,3.18,98.21,5,0.133523912
52,AATTT,103.4,5,86.01,5,0.078838962
53,ATTTA,83.89,5,97.91,4.94,0
54,TTTAG,87.17,5,87.17,5,0
55,TTAGC,95.87,5,93.1,5,0
56,TAGCA,104.96,5,104.96,5,0
57,AGCAG,109.32,5,93.8,5,0
58,GCAGG,94.02,5,106.81,5,0.020918382
59,CAGGA,99.22,5,112.89,5,0
60,AGGAA,117.16,3.07,108.21,5,0.024140095
61,GGAAA,121.13,2.89,110.19,5,0.079630847
62,GAAAA,108.28,5,88.03,5,0.036655458
63,AAAAA,108.99,1.57,108.74,5,0.31069361
64,AAAAA,108.87,1.76,109.65,5,0.210529139
65,AAAAG,108.31,1.68,108.09,5,0.18481195
66,AAAGA,110.72,5,88.97,5,0.065754814
67,AAGAG,125.13,3.22,112.2,5,0.066387277
68,AGAGA,128.77,2.5,115.95,5,0.051375711
69,GAGAA,125.53,4.54,115.42,5,0
70,AGAAC,128.98,3.49,114.05,5,0.073686241
71,GAACA,96.27,5,71.83,5,0.043212053
72,AACAT,88.73,3.66,74.43,5,0.065060099
73,ACATC,82.89,1.71,82.36,5,0.22630672
74,CATCA,88.89,2.35,84.7,5,0.299871067
75,ATCAC,82.78,2.8,75.45,5,0.016965431
76,TCACC,80.14,2,79.36,5,0.234249283
77,CACCT,82.36,3.06,72.66,4.41,0.114573339
78,ACCTT,80.21,2.41,79.63,5,0.076807876
79,CCTTG,82.82,1.73,82.14,5,0.322262485
80,CTTGT,89.86,3.62,81.2,5,0.017152381
81,TTGTA,105.28,3.39,93.1,5,0.173823113
82,TGTAA,109.35,4.17,92.52,5,0.130502076
83,GTAAA,94.16,5,79.31,4.75,0.082587824
84,TAAAA,106.7,2.61,96.17,5,0.050096186
85,AAAAC,108.72,3.04,96.33,5,0.073834788
86,AAACT,108.13,3.14,99.15,5,0.102130382
87,AACTG,97.4,5,74.89,5,0.06616258
88,ACTGA,95.77,4.85,109.47,4.73,0
89,CTGAA,111.43,4.51,96.36,5,0.027715459
90,TGAAG,115.27,5,96.82,5,0.067037178
91,GAAGA,111.99,5,111.99,5,0
92,AAGAT,130.32,4.03,113.61,5,0.110326159
93,AGATT,136.04,4.02,113.26,5,0.102657444
94,GATTG,96.31,5,131.62,5,0
95,ATTGT,87.92,4.42,98.6,4.97,0
96,TTGTG,98.95,3.39,89.3,5,0.069726202
97,TGTGA,91.25,5,107.86,5,0
98,GTGAC,100.16,4.27,87.52,5,0
99,TGACC,114.65,5,92.94,5,0.072352001
100,GACCA,80.03,5,80.03,5,0
101,ACCAG,76.44,4.06,92.87,5,0.013087392
102,CCAGT,97.3,5,80.09,5,0.01905098
103,CAGTC,117.03,3.87,95.39,5,0.068007005
104,AGTCA,119.21,5,96.62,5,0.074984813
105,GTCAG,83.01,3.94,100.79,5,0.049508179
106,TCAGA,100.28,5,124.13,5,0.047510867
107,CAGAA,107.15,5,128.06,3.81,0
108,AGAAT,129.11,3.52,111.4,5,0.098953378
109,GAATA,113.54,5,91.98,5,0.022745384
110,AATAA,92.05,5,104.4,5,0
111,ATAAT,92.4,3.33,99.08,5,0.012862342
112,TAATG,107.32,3.39,96.75,5,0.23397494
113,AATGT,83.98,3.16,91.91,5,0
114,ATGTC,88.03,2.93,92.64,5,0.098842789
115,TGTCA,110.72,4.8,92.12,5,0.093926719
116,GTCAA,82.95,3.56,85.78,5,0.02951122
117,TCAAA,89.67,4.27,104.43,3.75,0.003795163
118,CAAAG,105.81,3.23,93.46,5,0
119,AAAGT,108.91,5,89.4,5,0
120,AAGTG,121.99,3.26,107.88,5,0
121,AGTGC,123.8,5,105.06,5,0.127307164
122,GTGCT,94.73,4.14,104.38,5,0
123,TGCTT,107.18,4.99,84.26,5,0.002661021
124,GCTTA,80.97,3.47,100.41,5,0
125,CTTAC,82.47,1.94,82.21,5,0.203124293
126,TTACA,82.69,2.34,82.44,5,0.174075231
127,TACAG,85.75,3.37,95.43,5,0
128,ACAGT,93.84,4.3,118.19,5,0
129,CAGTG,122.49,3.53,103.6,5,0.089223762
130,AGTGC,120.19,5,100.57,5,0.228638639
131,GTGCA,89.81,3.65,95.05,5,0.128216585
132,TGCAG,105.19,4.72,95.59,5,0.11492513
133,GCAGG,92.5,5,103.18,5,0.059964765
134,CAGGT,116.42,4.54,98.73,5,0.053385288
135,AGGTA,119.39,2.58,111.04,5,0.132876409
136,GGTAG,115.83,5,101.48,5,0.034285714
137,GTAGT,96.56,3.78,107.41,4.64,0.111222287
138,TAGTG,115.13,3.81,105.22,5,0.102104778
139,AGTGA,96.68,5,108.2,5,0.123122294
140,GTGAT,108.1,4.14,93.18,5,0.011550563
141,TGATA,124.89,4.82,105.37,5,0.082101131
142,GATAT,90.1,5,74.91,4.88,0.056460899
143,ATATG,85.28,3.25,74.53,4.89,0.078446945
144,TATGT,81.75,3.99,72.66,5,0.1089792
145,ATGTG,86.43,4.2,73.68,5,0.215881411
146,TGTGC,90.01,5,101.04,5,0
147,GTGCA,89.26,4.78,89.8,2.29,0
148,TGCAT,107.72,2.73,95.42,5,0.359691182
149,GCATC,85.79,2.97,85.3,5,0.317871156
150,CATCT,90.52,4.04,76.29,5,0.040826015
151,ATCTA,83,5,69.2,4.32,0.094489667
152,TCTAC,83.84,4.29,86.32,3.75,0
153,CTACT,86.5,4.78,86.39,1.66,0
154,TACTG,90.47,1.81,89.36,5,0.283893545
155,ACTGC,87.74,2.43,90.53,5,0
156,CTGCA,98.07,3,91.42,5,0
157,TGCAG,104.88,3.92,97.32,5,0.129002508
158,GCAGT,94.96,4.03,101.38,5,0.068926411
159,CAGTG,120.3,2.88,106.62,5,0.33693108
160,AGTGA,94.42,4.64,107.01,5,0.011478887
161,GTGAA,100.44,5,101.79,1.74,0
162,TGAAG,113.23,4.47,105.83,5,0.482288797
163,GAAGG,105.53,3.8,94.04,5,0
164,AAGGC,114.02,3.87,106.16,5,0.059732541
165,AGGCA,109.08,4.16,91.86,5,0
166,GGCAC,113.31,2.72,105.03,5,0
167,GCACT,82.27,3.63,89.75,5,0
168,CACTT,91.12,4.39,68.16,5,0.021349922
169,ACTTG,84.76,4.66,69.09,3.65,0.03525602
170,CTTGT,90.52,1.92,90.6,5,0.124053842
171,TTGTA,103.14,3.72,95.35,5,0.168141823
172,TGTAG,108.84,4.22,95.97,5,0.242207412
173,GTAGC,95.62,5,95.44,1.63,0
174,TAGCA,108.02,2.73,99.23,5,0.021098857
175,AGCAT,115.25,2.57,104.59,5,0.06059015
176,GCATT,90.89,2.04,90.89,5,0.258716981
177,CATTA,95.49,2.06,92.38,5,0.225681488
178,ATTAT,90.52,4.05,88.64,5,0
179,TTATG,93.08,3.11,90.94,5,0.080591317
180,TATGG,88.29,3.27,95.92,5,0
181,ATGGT,96.55,5,101.09,5,0.007861879
182,TGGTG,117.76,2.93,103.13,5,0.199606471
183,GGTGA,90.94,4.85,110.17,5,0
184,GTGAC,99.2,4.97,102.12,5,0
185,TGACA,118.42,4.19,100.57,5,0.107058634
186,GACAG,87.46,4.39,105.83,5,0
187,ACAGC,90.13,4.27,106.06,5,0
188,CAGCT,111.9,3.38,95.75,5,0.066039196
189,AGCTG,115.21,3.34,98.57,5,0.04167436
190,GCTGC,85.12,2.84,89.83,5,0
191,CTGCC,92.87,2.06,93.41,5,0.300075757
192,TGCCT,107.16,3.29,91.28,5,0.06329287
193,GCCTC,76.35,2.18,79.44,5,0.119184285
194,CCTCG,78.96,3.53,92.72,4.77,0
195,CTCGG,83.02,3.5,97.59,5,0
196,TCGGG,100.43,3.92,86.21,5,0
197,CGGGA,111.12,3.04,101.16,4.22,0.097973778
198,GGGAA,117.79,3.69,105.5,5,0.088003379
199,GGAAG,114.81,4.68,97.72,5,0.080800037
200,GAAGC,101.39,5,84.08,5,0.059705686
201,AAGCC,102.37,5,86.22,4.8,0.024879752
202,AGCCA,111.71,3.88,90,5,0.020818378
203,GCCAA,78.74,3.67,89.75,5,0
204,CCAAG,89.27,5,112.38,4.29,0
205,CAAGT,113.51,5,90.73,5,0.168244221
206,AAGTT,125.88,5,102.75,5,0.278618838
207,AGTTG,124.38,5,100.21,5,0.313488157
208,GTTGG,86.19,4.5,105.71,5,0.048705682
209,TTGGG,102.1,5,85.77,5,0.038627914
210,TGGGC,116.04,3.99,101.22,5,0.057459926
211,GGGCT,118.05,3.53,110.76,5,0.179029269
212,GGCTT,113.29,3.07,106.57,5,0.058968901
213,GCTTT,84.19,4.13,99.23,5,0
214,CTTTA,84.08,2.1,84.18,5,0.313335247
215,TTTAA,87.8,4.4,104.37,4.24,0.027738974
216,TTAAA,91.47,3.47,104.49,2.77,0.04371371
217,TAAAG,104.16,2.88,96.15,5,0
218,AAAGT,106.88,4.96,90.72,5,0.023721846
219,AAGTG,121.51,3.83,105.88,5,0.097130678
220,AGTGC,123.49,5,106.54,5,0.268147151
221,GTGCA,88.22,5,100.1,5,0.047115356
222,TGCAG,105.91,5,86.57,5,0.031109616
223,GCAGG,89.49,5,102.19,5,0
224,CAGGG,93.95,5,107.58,5,0
225,AGGGC,116.36,3.06,105.47,5,0.092006762
226,GGGCC,104.75,5,115.38,5,0
227,GGCCT,105.65,4.39,92.84,5,0.013190201
228,GCCTG,73.56,3.67,86.87,5,0.013027262
229,CCTGC,87.61,5,88.26,1.55,0
230,CTGCT,100.03,3.56,88.81,5,0.036902135
231,TGCTG,108.22,3.97,98.99,5,0.099130343
232,GCTGA,93.22,3.39,102.78,5,0.052451365
233,CTGAT,112.89,3.76,97.84,5,0.067520366
234,TGATG,121.68,5,100.74,5,0.162916972
235,GATGT,82.92,4.59,96.83,4.33,0
236,ATGTT,87.33,2.22,88.97,5,0.262790543
237,TGTTG,111.91,4.7,93.37,5,0.147820309
238,GTTGA,90.35,3.94,95.46,5,0.038198872
239,TTGAG,105.91,3.93,93.97,5,0.020921484
240,TGAGT,116.74,4.38,106.23,5,0.014934726
241,GAGTG,120.88,2.48,113.05,5,0.072379069
242,AGTGC,120.1,5,104.34,5,0.101558828
243,GTGCT,92.4,5,107.98,5,0
244,TGCTT,111.62,4.06,90.67,5,0.093166205
245,GCTTT,86.53,5,85,3.15,0
246,CTTTT,85.04,3.87,84.41,1.06,0
247,TTTTT,85.16,3.1,83.18,5,0.178584356
248,TTTTG,85.12,1.94,85.36,5,0.096143661
249,TTTGT,88.26,2.99,101.16,2.82,0
250,TTGTT,100.88,3.69,87.33,4.96,0.027039299
251,TGTTC,113.66,4.75,89.68,5,0.029704146
252,GTTCT,82.6,4.57,106.67,5,0
253,TTCTA,82.61,1.61,81.61,5,0.304312663
254,TCTAA,84.55,3.13,85.65,5,0.035702067
255,CTAAG,90.46,4.49,104.28,4.88,0
256,TAAGG,107.28,3.25,93.09,5,0.012287149
257,AAGGT,111.35,3.84,95.01,5,0
258,AGGTG,116.16,3.1,105.25,5,0
259,GGTGC,86.7,5,112.59,5,0
260,GTGCA,88.86,2.96,91.56,5,0.12172222
261,TGCAT,107.39,3.28,93,5,0.019163917
262,GCATC,84.65,2.31,87.67,5,0.092765352
263,CATCT,90.91,5,90.91,5,0
264,ATCTA,84.68,3.15,87.27,5,0
265,TCTAG,88.11,3,100.41,3.26,0
266,CTAGT,100.45,4.22,118.77,3,0
267,TAGTG,119.01,3.4,103.5,5,0.051558197
268,AGTGC,123.06,5,104.67,5,0.215989049
269,GTGCA,90.88,2.19,92.31,5,0.283601752
270,TGCAG,106.95,4.91,95.82,5,0.12697876
271,GCAGA,109.18,5,96.16,5,0
272,CAGAT,110.76,5,126.37,5,0
273,AGATA,133.79,3.12,116.86,5,0.030605097
274,GATAG,93.52,5,115.57,5,0
275,ATAGT,94.1,4.3,112.58,5,0.003790376
276,TAGTG,117.39,3.32,102.98,5,0.029601576
277,AGTGA,93.14,5,107.24,5,0
278,GTGAA,102.29,5,77.18,5,0.010477261
279,TGAAG,116.05,4.64,103.32,5,0.21099579
280,GAAGT,103.09,5,114.91,5,0.059290879
281,AAGTA,119.19,4.92,103.96,5,0.096060701
282,AGTAG,126.92,4.07,114.18,5,0.424039164
283,GTAGA,108.08,5,116.72,5,0.197161922
284,TAGAT,130.96,2.98,116.83,5,0.158445208
285,AGATT,134.82,3.16,121.63,5,0.248147439
286,GATTA,95.51,5,73.69,5,0.167095288
287,ATTAG,85.84,5,103.65,4.33,0.000631634
288,TTAGC,96.37,4.45,83.98,5,0.065354068
289,TAGCA,108.46,3.13,93.87,5,0.113714439
290,AGCAT,114.18,3.79,95.91,5,0.147496936
291,GCATC,85.65,5,85.12,1.81,0
292,CATCT,90.09,4.82,71.86,5,0.061201827
293,ATCTA,81.83,4.07,68.96,3.58,0.054407097
294,TCTAC,84.36,5,83.8,1.46,0
295,CTACT,85.68,4.98,85.49,1.03,0
296,TACTG,88.62,1.58,87.21,5,0.217895013
297,ACTGC,86.67,1.77,86.72,5,0.064743941
298,CTGCC,94.17,4.25,86.01,4.46,0
299,TGCCC,104.72,3.19,89.91,5,0.060584398
300,GCCCT,72.73,3.69,86.43,5,0
301,CCCTA,74.33,3.24,84.83,4.96,0
302,CCTAA,82.66,4.2,96.26,2.66,0
303,CTAAG,95.57,3.01,87.05,3.18,0.076844956
304,TAAGT,99.66,5,98.9,1.93,0
305,AAGTG,117.44,3.53,101.23,5,0.090984171
306,AGTGC,117.25,5,97.62,5,0.116790267
307,GTGCT,93.67,3.93,110.6,5,0
308,TGCTC,108.78,3.53,96.41,5,0.077675489
309,GCTCC,79.8,2.39,78.55,5,0.364654101
310,CTCCT,75.58,2.22,76.78,5,0.041400156
311,TCCTT,77.08,1.87,75.91,5,0.117045114
312,CCTTC,79.02,5,78.29,0.99,0
313,CTTCT,81.21,1.38,80.43,5,0.223575197
314,TTCTG,83.13,1.77,82.4,5,0.18968464
315,TCTGG,88.22,5,88.75,1.69,0
316,CTGGC,103.67,2.65,93.02,5,0.055074573
317,TGGCA,104.82,3,91.14,5,0
318,GGCAT,106.44,1.62,102.71,5,0.27122663
319,GCATA,85.93,3.76,102.22,4.96,0
320,CATAA,88.86,5,107.22,5,0
321,ATAAG,89.84,4.44,106.68,4.83,0
322,TAAGA,109.2,3.66,95.81,5,0
323,AAGAA,120.64,2.59,111.12,5,0.029196368
324,AGAAG,121.56,3.66,110.28,5,0.000287439
325,GAAGT,108.09,5,88.46,4.76,0.005574285
326,AAGTT,121,3.61,105.23,5,0.008290155
327,AGTTA,119.62,5,90.97,5,0
328,GTTAT,87.31,3.51,79.43,4.71,0.13571636
329,TTATG,90.15,3.08,78.94,5,0.196706188
330,TATGT,82.05,5,82.24,2.38,0
331,ATGTA,93.82,4.44,81.78,5,0.172314964
332,TGTAT,106.13,4.71,94.19,5,0.45984219
333,GTATT,92.85,4.31,106.82,4.36,0.002831246
334,TATTC,94.85,5,94.85,5,0
335,ATTCA,81.8,4.42,81.8,4.42,0
336,TTCAT,82.85,1.48,82.35,5,0.156698224
337,TCATC,86.34,1.71,83.79,5,0.140580967
338,CATCC,89.71,1.85,85.52,5,0.494115788
339,ATCCA,76.94,4.45,83.19,5,0
340,TCCAA,80.51,2.17,79.34,5,0.176769531
341,CCAAT,92.24,3.4,83.34,5,0.011236713
342,CAATA,110.74,2.61,98.61,5,0.263930623
343,AATAA,94.42,5,108.99,2.76,0
344,ATAAT,93.64,4.18,102.59,5,0.026690311
345,TAATT,108.48,2.53,98.12,5,0.235938268
346,AATTC,98.7,5,82.25,5,0.08506987
347,ATTCA,79.95,4.79,93.11,4.52,0
348,TTCAA,81.49,5,76.77,5,0.13855069
349,TCAAG,86.95,5,72.53,4.25,0.007124526
350,CAAGC,101.84,3.7,88.72,5,0.076565863
351,AAGCC,104.81,3.51,88.84,5,0.086801982
352,AGCCA,108.89,3.61,90.57,5,0.082504205
353,GCCAA,77.28,4.06,91.33,5,0.008283968
354,CCAAG,88.77,5,101.84,5,0
355,CAAGC,101.18,5,86.66,5,0
356,AAGCA,108.61,3.94,94.32,5,0.011115514
357,AGCAA,111.98,4.2,97.61,5,0.053654598
358,GCAAG,88.29,5,104.26,5,0.075377988
359,CAAGT,105.82,5,122.26,3.75,0.004905287
360,AAGTA,124.5,3.13,106.57,5,0.168880455
361,AGTAT,120.96,5,103.76,5,0.140412066
362,GTATA,93.53,5,78.45,4.79,0.054637582
363,TATAT,93.63,3.77,82.38,5,0.026452399
364,ATATA,88.65,4.6,76.2,4.93,0.048462835
365,TATAG,90.71,5,75.35,5,0.168978403
366,ATAGG,87.83,5,87.83,5,0
367,TAGGT,92.67,5,109.66,5,0
368,AGGTG,115.38,2.9,97.25,5,0.15948001
369,GGTGT,92.01,5,108.75,5,0
370,GTGTT,97.69,4.05,90.33,5,0.015076304
371,TGTTT,113.9,5,92.23,5,0.150035013
372,GTTTT,83.83,5,78.72,5,0.274025211
373,TTTTA,84.26,5,72.81,5,0.053988749
374,TTTAA,88.32,5,75.7,4.86,0.170578205
375,TTAAT,97.55,5,81.28,5,0.049850094
376,TAATA,110.64,4.03,98.09,5,0.159968198
377,AATAG,97.56,5,110.71,5,0
378,ATAGT,96.81,5,114.1,5,0.032633027
379,TAGTT,122.24,5,101.91,5,0.146027161
380,AGTTT,125.32,5,103.15,5,0.222975328
381,GTTTT,84.86,5,97.36,3.03,0
382,TTTTT,85.22,5,96.58,3.1,0
383,TTTTG,85.49,5,94.99,3.77,0
384,TTTGT,89.95,5,78.17,4.56,0.047054614
385,TTGTT,99.39,5,83.64,5,0.118091379
386,TGTTT,114.55,5,90.25,5,0.30149681
387,GTTTG,82.64,5,93.65,5,0
388,TTTGC,85.11,5,85.11,5,0
389,TTGCA,92.56,5,73.9,5,0.023432407
390,TGCAG,99.85,5,109.1,4.93,0
391,GCAGT,92.92,4.22,106.71,5,0.022269876
392,CAGTC,116.46,5,95.54,5,0.035723031
393,AGTCC,125.05,5,98.27,5,0.048199267
394,GTCCT,77.36,4.09,86.9,5,0.104626969
395,TCCTC,81.25,5,103.26,5,0
396,CCTCT,83.77,4.61,99.59,5,0
397,CTCTG,83.73,3.8,94.12,5,0
398,TCTGT,88.65,3.17,103.68,4.49,0
399,CTGTT,103.5,5,93.18,5,0.038087545
400,TGTTA,99.63,5,115.5,5,0
401,GTTAG,86.44,3.09,96.36,5,0
402,TTAGT,99.55,5,119.11,3.1,0
403,TAGTT,119.8,3.21,100.35,5,0.000355799
404,AGTTT,124.96,4.87,102.44,5,0.014446621
405,GTTTT,82.78,3.33,93.78,5,0
406,TTTTG,83.93,2.09,84.25,5,0
407,TTTGC,85.75,2.54,96.26,2.93,0
408,TTGCA,95.43,5,95.43,5,0
409,TGCAT,107.18,4.39,94.58,5,0.004646524
410,GCATA,85.56,2.87,95.21,5,0
411,CATAG,92.1,4.08,115.25,5,0
412,ATAGT,97.41,3.77,119.44,5,0
413,TAGTT,119.64,3.52,101.22,5,0
414,AGTTG,121.24,5,106.18,5,0.397258077
415,GTTGC,86.12,3.04,96.01,5,0.045140206
416,TTGCA,94.05,4.98,110.28,5,0
417,TGCAC,109.62,4.37,94.09,5,0.012256006
418,GCACT,81.61,3.14,88.21,5,0
419,CACTA,91.1,5,90.82,1.28,0
420,ACTAC,88.82,1.6,88.21,5,0.150201132
421,CTACA,85.87,2.11,85.25,5,0.317458158
422,TACAA,86.14,1.62,86.1,5,0.272703192
423,ACAAG,87.15,4.86,109.83,3.63,0
424,CAAGA,110.62,3.94,90.74,5,0.064213274
425,AAGAA,125.89,2.73,112.34,5,0.38199675
426,AGAAG,126.68,2.78,114.5,5,0.494247763
427,GAAGA,109.36,2.25,113.6,5,0.473322978
428,AAGAA,123.42,4.05,113.22,5,0.115517929
429,AGAAT,129.11,3.5,115.51,5,0.163074446
430,GAATG,108.06,5,128.65,4.52,0.115463101
431,AATGT,85.22,5,99.52,5,0
432,ATGTA,90.91,5,75.46,4.07,0.076861098
433,TGTAG,109.73,5,97.63,5,0.419264111
434,GTAGT,98.16,4.77,114.4,4.42,0
435,TAGTT,118.8,3.01,101.49,5,0.122738049
436,AGTTG,120.78,4.61,103.38,5,0.281958872
437,GTTGT,87.04,4.41,98.5,5,0.01557391
438,TTGTG,98.19,3.7,85.65,5,0.038761811
439,TGTGC,100.98,5,87.97,5,0.161528746
440,GTGCA,89.41,3.55,95.22,5,0
441,TGCAA,105.92,3.32,94.77,5,0.146714864
442,GCAAA,87.42,3.34,102,5,0.053037088
443,CAAAT,112.97,2.6,98.99,5,0.063461673
444,AAATC,113.06,2.93,99.2,5,0.056430222
445,AATCT,106.6,5,83.66,5,0.042306684
446,ATCTA,84.02,4.19,67.75,4.51,0.156037662
447,TCTAT,85.74,1.81,83.57,5,0.23050823
448,CTATG,91.37,2.18,87.64,4.66,0.486744998
449,TATGC,78.91,2.41,83.45,5,0.01813833
450,ATGCA,86.87,5,88.07,2.18,0
451,TGCAA,103.17,3.51,95.59,5,0.266997967
452,GCAAA,91.14,3.07,96.33,5,0.077108005
453,CAAAA,106.89,2.11,99.72,5,0
454,AAAAC,109.24,2.13,100.99,5,0.014902471
455,AAACT,107.99,2.28,103.62,5,0.174011027
456,AACTG,97.28,2.94,107.08,3.27,0
457,ACTGA,97.26,2.48,99.53,5,0.12580793
458,CTGAT,115.33,3.26,100.88,5,0.025474629
459,TGATG,119.26,4.49,103.82,5,0.129854976
460,GATGG,83.28,3.01,93.85,5,0
461,ATGGT,94.6,4.4,101.02,5,0.075837723
462,TGGTG,115.08,2.8,102.91,5,0.050557237
463,GGTGG,92.21,5,113.8,5,0
464,GTGGC,97.74,2.14,97.6,5,0.080147022
465,TGGCC,101.28,1.54,100.77,5,0.03881442
466,GGCCT,105.36,3.03,96.19,5,0.038826474
467,GCCTG,74.15,3.42,85.37,5,0.000723275
468,CCTGC,87.71,3.64,98.33,3.85,0
469,CTGCT,99.65,3.1,90.47,5,0
470,TGCTA,106.23,2.38,101.44,5,0.505629955
471,GCTAT,87.6,3.43,100.99,4.97,0.047293077
472,CTATT,95.41,3.74,84.05,5,0
473,TATTT,87.31,5,85.5,1.92,0
474,ATTTC,80.15,1.56,78.11,5,0.112057791
475,TTTCC,78.4,5,77.16,0.92,0
476,TTCCT,75.93,3.64,69.12,4.34,0.146738746
477,TCCTT,76.6,2.27,73.63,5,0.221806165
478,CCTTC,77.7,1.65,75.61,5,0.186250878
479,CTTCA,79.94,1.47,77.77,5,0.139670742
480,TTCAA,83.58,1.3,80.39,5,0.175169452
481,TCAAA,91.72,3.42,83.15,5,0.066058313
482,CAAAT,111.77,2.52,97.03,5,0.182801222
483,AAATG,108.6,4.2,94.02,5,0.163569592
484,AATGA,86.78,4.83,99.94,5,0.142703517
485,ATGAA,101.35,5,85.18,5,0
486,TGAAT,118.96,5,98.98,5,0.308871601
487,GAATG,105.59,5,100.11,5,0.168443065
488,AATGA,88.1,5,99.6,5,0.084196732
489,ATGAT,98.73,5,81.05,5,0.021540488
490,TGATT,126.53,5,97.94,5,0.240026811
491,GATTT,93.02,5,75.04,5,0.28011376
492,ATTTT,83.7,2.92,80.39,5,0.200496382
493,TTTTT,83.04,5,83.04,5,0
494,TTTTA,82.81,1.69,82.27,5,0.33600612
495,TTTAC,85.74,2.96,76.62,4.17,0.140961067
496,TTACT,87.34,3.54,72.33,4.13,0.124131579
497,TACTA,90.48,1.67,87.85,4.96,0.439267098
498,ACTAA,90.17,4.26,80.95,5,0.108196585
499,CTAAT,99.78,3.87,89.7,4.44,0.049434277
500,TAATT,112.58,2.46,100.9,5,0.346444505
501,AATTT,105.67,5,88.12,5,0.145107738
502,ATTTT,87,4.25,77.51,5,0.168577089
503,TTTTG,86.35,4.02,76.92,4.81,0.179135209
504,TTTGT,87.66,5,87.66,5,0
505,TTGTG,100.79,3.39,87.18,5,0.271623368
506,TGTGT,88.08,5,74.68,5,0.140223016
507,GTGTA,94.6,4.85,88.06,5,0
508,TGTAC,112.47,5,91.73,5,0.308006203
509,GTACT,85.56,5,69.81,4.44,0.044925261
510,TACTT,90.39,3.61,85.5,5,0.192243542
511,ACTTT,86.38,4.58,76.66,5,0.093052183
512,CTTTT,85.05,4.84,84.44,1.79,0
513,TTTTA,85.2,3.85,81.68,5,0.276379899
514,TTTAT,87.73,1.89,86.43,5,0.472433358
515,TTATT,97.26,3.98,86.81,5,0.462515953
516,TATTG,90,5,88.7,5,0.135963448
517,ATTGT,88.21,5,92.3,5,0
518,TTGTG,100.73,3.16,89.95,5,0.211652828
519,TGTGT,89.86,5,75.51,4.98,0.117561483
520,GTGTC,92.99,5,88.73,5,0
521,TGTCG,108.85,4.98,91.67,5,0.212045207
522,GTCGA,87.7,3.44,92.85,4.7,0
523,TCGAT,99.2,5,85.8,5,0.065303171
524,CGATG,114.6,5,95.5,5,0.206269766
525,GATGT,80.29,5,89.17,5,0.018696859
526,ATGTA,86.43,5,102.81,5,0
527,TGTAG,110.56,5,91.51,5,0.078894857
528,GTAGA,105.76,5,123.24,2.37,0
529,TAGAA,124.52,2.9,109.28,5,0.103361408
530,AGAAT,127.85,3.47,110.98,5,0.080463935
531,GAATC,110.36,4.78,92.62,5,0
532,AATCT,102.07,5,80.68,5,0
533,ATCTG,79.6,3.35,90.75,5,0.026359045
534,TCTGC,86.34,4.06,97.25,4.97,0
535,CTGCC,94.67,3.46,85.99,5,0.035221797
536,TGCCT,105.19,3.98,92.54,5,0.156268724
537,GCCTG,74.85,5,90.37,4.28,0.001741116
538,CCTGG,91.05,4.91,106.89,4.61,0.004709902
539,CTGGT,108.41,3.1,94.61,3.99,0.000142209
540,TGGTC,114.03,2.71,103.13,5,0
541,GGTCT,112.89,5,97.94,5,0
542,GTCTA,80.75,2.61,85.18,5,0.06927898
543,TCTAT,86.81,3.59,86.54,5,0.090708343
544,CTATC,94.75,3.16,88.01,5,0.118851736
545,TATCT,96.9,5,85.44,5,0.133914905
546,ATCTG,83.04,5,90.44,5,2.07E-05
547,TCTGA,94.02,5,78.4,5,0.005223923
548,CTGAT,114.89,3.73,95.56,5,0.122273944
549,TGATG,121.85,5,93.49,5,0.136241721
550,GATGT,78.4,4.47,91.16,5,0.037048301
551,ATGTG,82.85,5,66.09,3.29,0.026487934
552,TGTGA,91.73,4.45,85.2,5,0
553,GTGAC,100.41,4.55,90.63,5,0
554,TGACA,117.86,5,96.48,5,0.110402976
555,GACAG,88.24,4.17,108.11,5,0
556,ACAGC,88.76,3.7,109.23,5,0
557,CAGCT,116.36,3.07,94.59,5,0.035449219
558,AGCTT,118.67,3,94.02,5,0
559,GCTTC,84.87,3.83,84.33,5,0.077794632
560,CTTCT,83.62,4.49,68.99,2.44,0.065549615
561,TTCTG,85.25,5,83.79,1.1,0
562,TCTGT,88.59,2.03,89.33,5,0.145640762
563,CTGTA,104.76,3.71,94.4,4.87,0.035212119
564,TGTAG,114.04,5,99.44,5,0.120770565
565,GTAGC,94.02,2.96,101.3,5,0.040986814
566,TAGCA,107.6,3.61,97.55,4.94,0
567,AGCAC,116.54,2.78,107.18,5,0.001737661
568,GCACT,83.71,3.44,93.96,5,0
569,CACTA,93.34,5,85.65,5,0
570,ACTAA,92.34,5,88.73,5,0
571,CTAAA,95.95,4.16,108.24,2.72,0
572,TAAAG,105.79,5,105.79,5,0
573,AAAGT,109.07,5,124.56,2.48,0
574,AAGTG,121.44,4.08,106.8,5,0.041747211
575,AGTGC,126.15,4.85,105.99,5,0.124889354
576,GTGCT,93.9,3.71,105.9,5,0
577,TGCTT,110.86,4.78,95.85,5,0.019863699
578,GCTTA,83.23,3.32,91.82,5,0
579,CTTAT,87.8,2.78,95.94,3.2,0
580,TTATA,95.53,5,95.17,1.97,0
581,TATAG,94.53,4.62,112.9,5,0
582,ATAGT,96.01,3.09,113.37,5,0
583,TAGTG,117.92,3.3,100.62,5,0.019783503
584,AGTGC,119.06,4.25,102.13,5,0.121642307
585,GTGCA,88.77,2.83,93.05,5,0.19451986
586,TGCAG,104.46,4.43,95.09,5,0.046430733
587,GCAGG,92.12,4.94,97.07,5,0.068427903
588,CAGGT,115.61,4.3,97.47,5,0.069318939
589,AGGTA,118.63,2.84,107.99,5,0
590,GGTAG,115.31,5,99.69,5,0
591,GTAGT,96.75,3.67,110.79,4.7,0.009030028
592,TAGTG,115.16,2.98,102.37,4.87,0.078064346
593,AGTGT,98.32,5,114.1,5,0
594,GTGTT,98.96,3.55,92.95,5,0
595,TGTTT,111,5,89.35,5,0.075377648
596,GTTTA,82.63,5,76.24,5,0.312788661
597,TTTAG,86.1,5,86.09,1.36,0
598,TTAGT,98.48,5,113.74,2.69,0.050520221
599,TAGTT,115.57,2.93,96.89,5,0.253050966
600,AGTTA,113.01,3.65,95.92,5,0.255541065
601,GTTAT,86.03,5,98.86,4.61,0.030174073
602,TTATC,92.03,4.66,76.08,5,0.110910096
603,TATCT,95.25,4.95,76.85,5,0.152032597
604,ATCTA,81.49,5,71.79,5,0.084646945
605,TCTAC,84.2,4.93,83.96,1.69,0
606,CTACT,86.18,1.64,85.79,5,0.049027116
607,TACTG,89.41,1.61,87.7,5,0.121687966
608,ACTGC,88.11,1.92,88.91,5,0
609,CTGCA,98.74,3.04,88.82,3.67,0.06382062
610,TGCAT,108.42,2.87,97.55,5,0.201309891
611,GCATT,89.21,2.42,93.67,5,0
612,CATTA,93.18,5,91.63,2.12,0.128222287
613,ATTAT,88.65,4.65,87.69,1.48,0.12569201
614,TTATG,89.46,2.01,87.19,3.73,0.22281731
615,TATGA,83.03,1.97,87.09,4.62,0
616,ATGAG,94.23,5,100.2,5,0
617,TGAGC,110.62,4.62,98.89,5,0.009124088
618,GAGCA,110.21,2.52,101.37,5,0
619,AGCAC,116.98,2.69,105.89,5,0
620,GCACT,83.44,2.68,88.24,5,0
621,CACTT,89.03,2.07,85.27,5,0.195198989
622,ACTTA,84.05,4.37,82.58,1.64,0
623,CTTAA,86.16,5,85.77,1.73,0
624,TTAAA,92.24,5,92.09,1.72,0
625,TAAAG,102.07,1.53,98.18,5,0.158889464
626,AAAGT,102.38,3.84,121.98,5,0.023127669
627,AAGTA,124.45,3.67,103.43,5,0
628,AGTAC,128.83,4.08,105.73,5,0.041819202
629,GTACT,85.86,2.15,86.23,5,0.162635486
630,TACTG,90.04,1.48,88.55,5,0.124671241
631,ACTGC,89.24,2.63,101.56,3.16,0
632,CTGCT,101.58,3.09,90.63,2.58,0.036342953
633,TGCTA,107.16,3.44,91.74,4.44,0
634,GCTAG,88.94,2.67,100.47,3.73,0.059684157
635,CTAGC,103.98,5,103.2,1.36,0
636,TAGCT,111.72,2.04,108.64,5,0.027568686
637,AGCTG,116.84,2.45,108.02,5,0.083686429
638,GCTGT,88.02,2.63,101.09,5,0.032576823
639,CTGTA,102.98,4.05,91.28,5,0
640,TGTAG,110.96,4.31,94.48,5,0.064246942
641,GTAGA,107.76,5,83.07,5,0.013920863
642,TAGAA,124.42,3.83,108.92,5,0.220523223
643,AGAAC,129.05,4.77,107.28,5,0.126878597
644,GAACT,100.46,5,76.46,5,0.055243213
645,AACTC,94.57,4.52,72.47,5,0.037994679
646,ACTCC,87.45,4.72,69.77,5,0.013763067
647,CTCCA,74.93,2.21,75.66,5,0.439445699
648,TCCAG,78.43,2.08,79.54,5,0.227545635
649,CCAGC,99.47,5,83.19,5,0.007889412
650,CAGCT,115.67,2.89,98.74,5,0.055691326
651,AGCTT,115.14,4.79,92.23,5,0.039386041
652,GCTTC,81.03,4.74,105.81,5,0
653,CTTCG,79.16,1.6,77.57,5,0.503147649
654,TTCGG,82.96,4.82,82.96,4.82,0
655,TCGGC,96.91,3.64,83.06,5,0.028165591
656,CGGCC,102.69,4.32,82.19,5,0.036271645
657,GGCCT,107.05,3.2,88.71,5,0.048163848
658,GCCTG,73.69,4.2,88.47,5,0.042215628
659,CCTGT,87.45,4.65,102.4,3,0.002540015
660,CTGTC,102.63,3.11,87.27,5,0.065519271
661,TGTCG,106.49,4.37,91.01,5,0.194448165
662,GTCGC,80.39,3.96,90.07,5,0.000370053
663,TCGCC,85.96,5,69.28,4.72,0.007890191
664,CGCCC,97.3,4.41,78.18,5,0.172725966
665,GCCCA,70.32,3.81,81.46,5,0
666,CCCAA,78.97,3.52,90.48,4.25,0
667,CCAAT,90.94,1.81,87.66,5,0.169889732
668,CAATC,108.01,2.33,91.99,5,0.224272448
669,AATCA,96.38,5,79.05,5,0.049542195
670,ATCAA,86.5,4.89,86.5,4.89,0
671,TCAAA,92.76,2,91.56,5,0.25138239
672,CAAAC,105.65,3.21,94.1,3.51,0.027831359
673,AAACT,106.37,2.27,100.11,5,0.045374277
674,AACTG,96.25,1.96,96.31,5,0.204627056
675,ACTGT,89.8,2.27,92.87,5,0.035532794
676,CTGTC,104.86,3.37,90.74,3.8,0.107090975
677,TGTCC,113.18,5,91.85,5,0.128216818
678,GTCCT,77.06,5,72.15,5,0.035412882
679,TCCTG,77.72,4.35,90.44,2.86,0
680,CCTGT,88.57,5,107,2.62,0
681,CTGTT,106.07,3.44,91.04,5,0.2485473
682,TGTTA,106.55,5,89.35,5,0.151544367
683,GTTAC,88.73,5,74.24,5,0.11602758
684,TTACT,88.79,4.37,74.33,5,0.059705686
685,TACTG,89.67,3.92,72.09,4.34,0.023372232
686,ACTGA,95.4,3.47,111.14,5,0
687,CTGAA,113.22,4.53,98.89,5,0.060567689
688,TGAAC,124.05,4.47,102.15,5,0.091379479
689,GAACA,100.88,5,72.36,5,0.032411067
690,AACAC,96.45,5,77.13,5,0.066123901
691,ACACT,92.7,4.76,92.7,4.76,0
692,CACTG,95.51,4.21,83.79,5,0.013273926
693,ACTGT,94.09,5,93.38,2.1,0
694,CTGTT,102.58,5,91.22,5,0.027840287
695,TGTTC,120.18,5,93.91,5,0.125110242
696,GTTCT,90.78,4.67,75.89,4.32,0.209857528
697,TTCTA,90.04,3.55,78.94,5,0.208339623
698,TCTAT,91.23,3.53,85.94,5,0.202400028
699,CTATG,93.17,3.33,93.17,3.33,0
700,TATGG,92.31,2.99,93.15,5,0.025639274
701,ATGGT,96.22,3.46,119.55,5,0
702,TGGTT,122.78,2.83,104.45,5,0
703,GGTTA,122.73,4.64,96.6,5,0
704,GTTAG,90.28,4.03,98.95,5,0.103350567
705,TTAGT,99.95,3.56,118.7,3.97,0.044713772
706,TAGTT,119.14,3.36,101.22,5,0
707,AGTTT,123.43,5,91.35,5,0.00643101
708,GTTTT,83.98,2.57,84.77,5,0
709,TTTTG,84.14,1.83,85.54,5,0
710,TTTGC,85.25,2.15,91.9,5,0
711,TTGCA,93.48,2.15,94.86,5,0.141791174
712,TGCAG,105.5,3.64,97.38,5,0.088691494
713,GCAGG,89.85,3.3,96.48,5,0.402265061
714,CAGGT,118.91,3.22,99.61,5,0
715,AGGTT,121.23,2.35,109.08,5,0
716,GGTTT,110.25,5,99.78,5,0.265716594
717,GTTTG,80.97,2.42,91.55,5,0
718,TTTGC,85.22,1.98,83.91,4.97,0.062192694
719,TTGCA,95.47,3.25,86.34,4.17,0
720,TGCAT,104.43,4.24,97.84,5,0.434717519
721,GCATC,82.39,2.25,86.63,5,0.051212339
722,CATCC,88.02,4.44,82.03,5,0.328390895
723,ATCCA,74.99,5,61.07,2.88,0.047478816
724,TCCAG,78.69,3.19,77.88,5,0.18317136
725,CCAGC,97.62,2.81,89.58,5,0.003190896
726,CAGCT,114.47,2.23,101.62,5,0
727,AGCTG,116.04,2.13,106.3,5,0.030623788
728,GCTGT,87.5,3.01,95.07,5,0.020226824
729,CTGTG,101.62,3.4,89.49,5,0.035293498
730,TGTGT,87.34,5,97.15,5,0
731,GTGTG,93.97,3.99,93.97,3.99,0
732,TGTGA,97.13,5,91.44,5,0
733,GTGAT,104.17,5,91.97,4.87,0
734,TGATA,122.64,4.66,102.49,5,0.252807878
735,GATAT,88.26,5,105.27,5,0
736,ATATT,86.65,5,86.65,5,0
737,TATTC,98.64,3.06,91.52,5,0.56309728
738,ATTCT,84.2,5,82.69,5,0.042999454
739,TTCTG,84.24,4.14,72.37,3.21,0.152674349
740,TCTGC,88.51,1.89,87.54,5,0.287889557
741,CTGCT,98.82,3.2,87.44,3.27,0.019181524
742,TGCTG,106.62,2.72,100.06,5,0.661234372
743,GCTGT,86.09,2.42,94.23,4.29,0.025269269
744,CTGTG,99.21,3.04,90.82,4.24,0.058234707
745,TGTGC,98.75,4.3,84.64,4.97,0
746,GTGCA,86.96,3.08,92.86,5,0.067585135
747,TGCAA,103.96,3.34,94.64,5,0.205086835
748,GCAAA,87.03,3.08,100.65,5,0.031371762
749,CAAAT,110.45,2.42,93.25,5,0.008886389
750,AAATC,111.91,1.65,106.07,5,0.057579446
751,AATCC,107.05,4.41,82.57,5,0
752,ATCCA,78.04,4.55,64.73,3,0.085931084
753,TCCAT,79.48,5,78.51,2.05,0
754,CCATG,82.04,2.3,81.44,5,0.003172329
755,CATGC,80.47,3.93,92.38,5,0
756,ATGCA,88.15,5,90.28,2.68,0
757,TGCAA,104.64,3.92,96.03,5,0.154943416
758,GCAAA,92.04,3.03,101.76,5,0
759,CAAAA,107.78,2.34,99.51,5,0
760,AAAAC,109.7,2.54,98.54,5,0
761,AAACT,106.87,2.89,103.9,5,0.214356486
762,AACTG,96.46,2.31,100,5,0.068261131
763,ACTGA,95.97,2.77,107.22,5,0
764,CTGAC,114,3.67,98.66,4.76,0
765,TGACT,121.61,4.14,105.15,5,0.003561008
766,GACTG,92.54,2.14,94.11,5,0.024267535
767,ACTGT,88.8,2.1,95.55,5,0
768,CTGTG,103.54,3.62,97.07,5,0.003664296
769,TGTGG,105.85,4.07,95.39,4.56,0
770,GTGGT,102.3,4.95,102.64,2.1,0
771,TGGTA,116.43,2.03,110.26,5,0.073861806
772,GGTAG,114.32,4.43,102.82,5,0.135885455
773,GTAGT,96.7,3.38,101.39,4.37,0.211705371
774,TAGTG,116.23,2.86,108.14,4.73,0.114888386
775,AGTGA,99.59,5,81.24,5,0.028276384
776,GTGAA,103.67,4.21,80.83,4.75,0.010939195
777,TGAAA,119.62,3.29,110.36,5,0.391152114
778,GAAAA,104.56,4.92,82.24,5,0.023370676
779,AAAAG,107,1.63,107.47,5,0.096691459
780,AAAGT,110.46,4.15,93.24,5,0.049107185
781,AAGTC,116.77,2.3,116.02,5,0.182001189
782,AGTCT,128.68,3.75,114.62,5,0.079926235
783,GTCTG,84.88,2.03,84.26,5,0.312060721
784,TCTGT,87.84,3.17,104,3.41,0
785,CTGTA,104.43,2.81,96.74,5,0
786,TGTAG,111.41,4.92,98.11,5,0.119762057
787,GTAGA,102.61,3.22,111.61,5,0.022418237
788,TAGAA,121.47,2.76,108.3,4.65,0.056016187
789,AGAAA,122.85,4.2,108.73,5,0.048798949
790,GAAAA,103.61,5,110.79,5,0.100513992
791,AAAAG,106.07,5,106.03,1.37,0
792,AAAGT,109.45,4.06,92.74,5,0.077574565
793,AAGTA,121.88,3.5,108.69,5,0.130332312
794,AGTAA,124.39,4.45,108.22,5,0.220962753
795,GTAAG,87.03,5,101.97,5,0.000759335
796,TAAGG,105.28,5,105.28,5,0
797,AAGGG,115.59,2.67,106.91,4.44,0
798,AGGGA,116.74,1.61,116.1,5,0.160360593
799,GGGAA,121.15,2.08,114.6,5,0.002387349
800,GGAAA,123.87,2.72,114.77,5,0.083794466
801,GAAAC,109.24,3.75,123.03,3.09,0.101478521
802,AAACT,105.29,4.31,122.6,3.22,0.076244828
803,AACTC,95.75,5,72.54,4.98,0.036006918
804,ACTCA,85.09,4.5,67.95,4.12,0.138107357
805,CTCAA,84.55,5,73.46,5,0.192120093
806,TCAAA,93.21,4.05,83.65,5,0.086624077
807,CAAAC,105.67,2.46,91.22,5,0.135258978
808,AAACC,96.84,5,75.53,5,0.022925497
809,AACCC,93.8,5,71.79,5,0.028859646
810,ACCCC,79.81,5,93.57,4.99,0
811,CCCCT,78.26,5,94.89,5,0
812,CCCTT,78.26,4.47,93.95,5,0
813,CCTTT,79.03,3.62,90.19,5,0
814,CTTTC,80.09,1.88,83.12,5,0.062065455
815,TTTCT,81.92,2.8,89.52,3.51,0
816,TTCTA,82.09,3.04,89.72,3.83,0
817,TCTAC,84.95,1.04,86.95,5,0
818,CTACA,88.74,5,86.12,2.35,0.503929886
819,TACAC,92.25,5,88.98,2.97,0.578957418
820,ACACA,81.06,4.04,86.33,5,0
821,CACAG,86.05,3.43,82.63,5,0
822,ACAGG,89.77,3.13,92.62,5,0.122989219
823,CAGGT,123.9,4.45,95.39,5,0.012999826
824,AGGTT,125.52,3.24,108.62,5,0.005937011
825,GGTTG,121.68,5,95.16,5,0.09744767
826,GTTGG,88.37,2.9,99.19,3.61,0
827,TTGGG,101.85,5,105.99,5,0.379375992
828,TGGGA,117.59,3.76,105.25,5,0
829,GGGAT,123.38,2.57,115.74,5,0
830,GGATC,126.89,4.84,98.6,5,0
831,GATCG,93.59,5,121.25,5,0
832,ATCGG,83.13,2.21,87,5,0.055113686
833,TCGGT,99.83,5,100.7,1.99,0
834,CGGTT,116.36,2.21,106.2,4.9,0.050403146
835,GGTTG,107.26,4.8,98.22,5,0.203906433
836,GTTGC,84.65,5,84.2,1.88,0
837,TTGCA,95.64,4.22,81.1,5,0
838,TGCAA,105.46,3.04,95.88,5,0.193865139
839,GCAAT,87.44,2.28,95.48,5,0
840,CAATG,107.19,1.98,102.14,4.64,0.150525896
841,AATGC,85.74,2.66,91.27,5,0
842,ATGCT,89.91,3.21,89.91,3.21,0
843,TGCTG,109.29,2.76,100.91,5,0.309560913
844,GCTGT,88.06,2.25,94.24,3.79,0.014137149
845,CTGTG,99.8,1.95,99.33,5,0.170708184
846,TGTGT,88.84,5,96.51,5,0
847,GTGTT,97.85,3.09,89.91,5,0
848,TGTTT,103.48,4.52,92.79,5,0.185388292
849,GTTTC,82.26,4.76,82.26,4.76,0
850,TTTCT,82.94,3.93,74.27,5,0.202834961
851,TTCTG,84.43,3.46,73.9,3.87,0.287943844
852,TCTGT,87.46,1.83,86.89,5,0.213519858
853,CTGTA,104.61,3.32,91.02,4.72,0.165501881
854,TGTAT,109.64,5,90.83,5,0.159686786
855,GTATG,90.27,4.7,72.29,3.37,0.053984515
856,TATGG,89.54,4.56,100.29,4.66,0
857,ATGGT,99.24,5,82.24,5,0
858,TGGTA,119.31,3.24,104.53,5,0.078866344
859,GGTAT,98.06,5,111.09,5,0
860,GTATT,92.42,3.97,111.74,5,0
861,TATTG,89.85,1.83,91.04,5,0.126909277
862,ATTGC,88.43,2.73,95.59,5,0
863,TTGCA,98.08,4.33,87.58,3.83,0
864,TGCAC,109.85,2.83,94.66,5,0.065250398
865,GCACT,80.72,2.06,85.7,5,0.054683875
866,CACTT,86.65,1.49,84.79,5,0.215736708
867,ACTTG,83.17,2.7,83.96,5,0.030307613
868,CTTGT,89.29,1.69,88.68,5,0.210245579
869,TTGTC,99.87,3.51,85.76,5,0.012942946
870,TGTCC,112.01,4.89,84.24,5,0.008242418
871,GTCCC,69.98,2.74,74.58,5,0
872,TCCCG,68.95,2.91,79.03,5,0
873,CCCGG,78.2,5,99.73,3.48,0
874,CCGGC,99.6,3.4,82.94,5,0
875,CGGCC,101.83,5,101.83,5,0
876,GGCCT,109.1,2.86,90.72,5,0.011763862
877,GCCTG,77.31,3.6,87.2,5,0
878,CCTGT,89.81,5,109.04,3.45,0
879,CTGTT,107.39,4.79,93.57,5,0.162354133
880,TGTTG,103.43,5,121.9,5,0
881,GTTGA,90.41,3.8,104.48,3.91,0
882,TTGAG,104.48,4.47,89.88,5,0
883,TGAGT,117.28,5,105.28,5,0.006520727
884,GAGTT,125.11,2.37,114.84,5,0.058705542
885,AGTTT,124.68,5,97.52,5,0.025407508
886,GTTTG,83.89,2.75,93.86,5,0
887,TTTGG,88.37,2.03,90.45,5,0.079630847
888,TTGGT,104.44,2.71,92.93,4.27,0
889,TGGTG,113.8,2.15,108.04,5,0.256492027
890,GGTGG,89.39,5,103.13,5,0
891,GTGGG,94.92,2.19,97.54,5,0.361330266
892,TGGGG,112.62,1.59,111.36,5,0
893,GGGGA,116.81,1.47,117.07,5,0
894,GGGAT,125.07,1.74,121.62,5,0
895,GGATT,131.45,2.09,126.66,4.22,0.282111064
896,GATTG,94.56,5,120.92,5,0.017214017
897,ATTGT,86.44,2.1,87.88,5,0.195759442
898,TTGTG,99.05,2.81,89.53,4.18,0.128552583
899,TGTGA,88.9,3.94,101.54,4.17,0.00815895
900,GTGAC,101.46,2.96,87.28,5,0.026388675
901,TGACC,116.02,5,88.93,5,0.037970645
902,GACCA,79.37,1.81,79.97,5,0.236686366
903,ACCAG,76.91,2.15,80.59,5,0.193345056
904,CCAGA,80.71,4.79,105.99,4.94,0
905,CAGAA,107.89,2.61,107.48,5,0
906,AGAAG,120.8,2.31,109.09,5,0.01281193
907,GAAGA,110.85,1.87,112.14,4.91,0.097026673
908,AAGAT,129.88,4.13,114.44,4.68,0
909,AGATT,136.51,3.31,124.5,5,0.053717666
910,GATTT,96.4,5,84.9,5,0.127917858
911,ATTTT,83.8,4.95,83.18,1.53,0
912,TTTTG,84.94,2.74,77.3,3.47,0.090017077
913,TTTGA,90.85,3.16,80.08,4.94,0.039027533
914,TTGAA,107.18,3.45,96.67,3.85,0.026610864
915,TGAAA,118.81,4.01,112.7,5,0.5587
916,GAAAA,109.05,3.39,87.4,5,0.055454222
917,AAAAT,112.52,1.79,111.37,4.97,0.069225869
918,AAATT,116.31,2.66,108.64,5,0.181990322
919,AATTA,107.75,5,83.17,5,0.042802978
920,ATTAA,90.87,5,80.46,5,0.190881026
921,TTAAA,95.19,3.64,81.94,4.23,0.165267806
922,TAAAT,110.5,3.34,97.18,5,0.104796446
923,AAATA,111.3,2.86,98.49,4.13,0.08899257
924,AATAT,95.96,5,77.79,5,0.034604215
925,ATATT,92.47,3.18,80.39,5,0.110717795
926,TATTA,93.95,3.99,76.04,5,0.15334381
927,ATTAC,88.2,3.2,79.37,5,0.187210714
928,TTACT,88.2,3.54,79.25,5,0.443159981
929,TACTG,90.7,1.44,86.38,5,0.345617371
930,ACTGA,94.08,4.37,78.37,4.87,0.023149746
931,CTGAA,110.07,3.83,94.25,5,0.062158149
932,TGAAG,114.74,4.58,100.5,5,0.034604239
933,GAAGA,111.85,4.47,111.85,4.47,0
934,AAGAT,129.18,3.81,114.54,5,0.118633938
935,AGATT,135.89,4.04,115.44,5,0.107055175
936,GATTT,91.19,5,74.53,5,0.099630781
937,ATTTC,78.57,4.01,79.26,1.88,0
938,TTTCG,80.77,1.26,80.02,4.7,0.204026137
939,TTCGA,86.93,1.98,84.43,5,0.093663544
940,TCGAC,96.86,4.39,93.78,5,0
941,CGACT,113.55,4.13,105.46,5,0.486272232
942,GACTT,85.07,5,99.11,4.15,0
943,ACTTC,79.93,2.27,74.83,5,0.060352142
944,CTTCC,76.95,1.83,71.24,3.45,0.058532713
945,TTCCA,75.6,2.84,69.05,3.31,0.122385847
946,TCCAC,76.29,2.05,73.02,5,0.081953228
947,CCACT,79.38,1.17,78.4,2.82,0.193084668
948,CACTG,90.66,3.43,96.44,5,0
